SYMBL,NAME,INDUSTRY,MIN_MOUNT,UNIT,FRATE
1301,極洋,水産・農林業,"282,800",100,1.37
1332,日本水産,水産・農林業,"62,400",100,5.59
1333,マルハニチロ,水産・農林業,"277,100",100,7.43
1376,カネコ種苗,水産・農林業,"132,300",100,19.67
1379,ホクト,水産・農林業,"198,000",100,0.15
1384,ホクリヨウ,水産・農林業,"65,700",100,157.5
1407,ウエストホールディングス,建設業,"131,500",100,1.41
1413,ヒノキヤグループ,建設業,"190,900",100,811
1414,ショーボンドホールディングス,建設業,"384,000",100,0.94
1417,ミライト・ホールディングス,建設業,"163,900",100,1.09
1418,インターライフホールディングス,建設業,"26,300",100,2.98
1419,タマホーム,建設業,"142,200",100,0.14
1420,サンヨーホームズ,建設業,"66,500",100,2.99
1429,日本アクア,建設業,"62,700",100,1.45
1430,ファーストコーポレーション,建設業,"63,000",100,1.63
1433,ベステラ,建設業,"124,300",100,4.75
1434,ＪＥＳＣＯホールディングス,建設業,"38,300",100,2.26
1435,ＴＡＴＥＲＵ,建設業,"17,900",100,28.17
1443,技研ホールディングス,建設業,"27,600",100,603.73
1446,キャンディル,建設業,"73,100",100,759.5
1448,スペースバリューホールディングス,建設業,"51,200",100,74.91
1514,住石ホールディングス,鉱業,"13,300",100,3.58
1515,日鉄鉱業,鉱業,"437,000",100,1.75
1518,三井松島ホールディングス,鉱業,"119,900",100,9.89
1605,国際石油開発帝石,鉱業,"101,850",100,0.87
1662,石油資源開発,鉱業,"278,300",100,0.34
1663,Ｋ＆Ｏエナジーグループ,鉱業,"146,800",100,11.17
1712,ダイセキ環境ソリューション,建設業,"72,500",100,2.58
1716,第一カッター興業,建設業,"170,500",100,7.73
1719,安藤・間,建設業,"79,400",100,2.8
1720,東急建設,建設業,"83,900",100,1.3
1721,コムシスホールディングス,建設業,"303,500",100,3
1722,ミサワホーム,建設業,"114,000",100,0.56
1724,シンクレイヤ,建設業,"100,100",100,"1,304.20"
1726,ビーアールホールディングス,建設業,"39,800",100,0.39
1762,高松コンストラクショングループ,建設業,"253,300",100,9.34
1766,東建コーポレーション,建設業,"666,000",100,0.46
1768,ソネック,建設業,"86,400",100,0.22
1780,ヤマウラ,建設業,"88,500",100,0.19
1789,ＥＴＳホールディングス,建設業,"54,500",100,3.93
1799,第一建設工業,建設業,"171,600",100,8.83
1801,大成建設,建設業,"422,500",100,4.49
1802,大林組,建設業,"108,300",100,1.07
1803,清水建設,建設業,"99,300",100,0.77
1805,飛島建設,建設業,"117,900",100,17.45
1808,長谷工コーポレーション,建設業,"126,700",100,0.87
1810,松井建設,建設業,"73,400",100,1.08
1811,錢高組,建設業,"404,500",100,3.9
1812,鹿島建設,建設業,"142,300",100,2.38
1813,不動テトラ,建設業,"122,300",100,8.32
1814,大末建設,建設業,"92,400",100,5.75
1815,鉄建建設,建設業,"279,000",100,12.2
1820,西松建設,建設業,"200,500",100,15.56
1821,三井住友建設,建設業,"56,700",100,10.48
1822,大豊建設,建設業,"288,200",100,4.28
1824,前田建設工業,建設業,"96,700",100,0.75
1826,佐田建設,建設業,"41,600",100,5.84
1827,ナカノフドー建設,建設業,"48,400",100,59.58
1833,奥村組,建設業,"293,400",100,0.95
1835,東鉄工業,建設業,"320,000",100,0.24
1840,土屋ホールディングス,建設業,"15,400",100,118.86
1847,イチケン,建設業,"167,400",100,"1,805.00"
1848,富士ピー・エス,建設業,"50,000",100,0.35
1852,淺沼組,建設業,"400,000",100,1.16
1860,戸田建設,建設業,"63,000",100,1
1861,熊谷組,建設業,"306,000",100,6.42
1865,青木あすなろ建設,建設業,"120,700",100,5.53
1866,北野建設,建設業,"233,500",100,4.07
1870,矢作建設工業,建設業,"70,600",100,3.09
1871,ピーエス三菱,建設業,"74,000",100,6.29
1873,日本ハウスホールディングス,建設業,"51,500",100,9.67
1878,大東建託,建設業,"1,385,500",100,0.11
1879,新日本建設,建設業,"77,300",100,6.78
1881,ＮＩＰＰＯ,建設業,"200,900",100,17.45
1882,東亜道路工業,建設業,"349,500",100,18.58
1883,前田道路,建設業,"241,500",100,0.26
1884,日本道路,建設業,"656,000",100,0.2
1885,東亜建設工業,建設業,"133,600",100,95.98
1888,若築建設,建設業,"152,200",100,14.75
1890,東洋建設,建設業,"47,200",100,1.74
1893,五洋建設,建設業,"59,800",100,4.13
1898,世紀東急工業,建設業,"74,000",100,259
1899,福田組,建設業,"426,500",100,46.79
1909,日本ドライケミカル,機械,"114,000",100,0.16
1911,住友林業,建設業,"143,800",100,0.34
1914,日本基礎技術,建設業,"33,100",100,1.64
1921,巴コーポレーション,建設業,"41,000",100,1.18
1925,大和ハウス工業,建設業,"357,200",100,0.99
1926,ライト工業,建設業,"141,200",100,1.59
1928,積水ハウス,建設業,"213,700",100,0.44
1929,日特建設,建設業,"64,300",100,5.77
1930,北陸電気工事,建設業,"90,000",100,23.14
1934,ユアテック,建設業,"67,600",100,0.22
1939,四電工,建設業,"282,900",100,9.67
1941,中電工,建設業,"237,000",100,1.4
1942,関電工,建設業,"98,100",100,5.95
1944,きんでん,建設業,"162,600",100,0.24
1945,東京エネシス,建設業,"88,700",100,1.35
1946,トーエネック,建設業,"351,500",100,1.22
1949,住友電設,建設業,"223,200",100,1.34
1950,日本電設工業,建設業,"225,900",100,0.53
1951,協和エクシオ,建設業,"261,500",100,3.73
1952,新日本空調,建設業,"185,900",100,0.38
1954,日本工営,サービス業,"318,000",100,0.32
1959,九電工,建設業,"363,500",100,1.83
1961,三機工業,建設業,"129,900",100,0.38
1963,日揮,建設業,"141,300",100,6.47
1964,中外炉工業,建設業,"150,900",100,9.07
1965,テクノ菱和,建設業,"77,000",100,182
1967,ヤマト,建設業,"73,400",100,1.39
1968,太平電業,建設業,"240,900",100,1.67
1969,高砂熱学工業,建設業,"179,700",100,0.13
1972,三晃金属工業,建設業,"243,000",100,18.36
1973,ＮＥＣネッツエスアイ,情報・通信業,"298,300",100,0.75
1975,朝日工業社,建設業,"299,600",100,1.92
1976,明星工業,建設業,"74,700",100,8.37
1980,ダイダン,建設業,"217,000",100,9.58
1982,日比谷総合設備,建設業,"192,000",100,0.26
1983,東芝プラントシステム,建設業,"180,200",100,0.35
2001,日本製粉,食料品,"169,700",100,3.07
2002,日清製粉グループ本社,食料品,"201,300",100,4.33
2003,日東富士製粉,食料品,"673,000",100,165
2004,昭和産業,食料品,"309,000",100,0.77
2009,鳥越製粉,食料品,"89,700",100,0.89
2053,中部飼料,食料品,"119,800",100,0.5
2055,日和産業,食料品,"24,900",100,4.28
2060,フィード・ワン,食料品,"16,500",100,58.16
2108,日本甜菜製糖,食料品,"189,000",100,2.13
2109,三井製糖,食料品,"226,100",100,0.27
2112,塩水港精糖,食料品,"20,900",100,12.71
2117,日新製糖,食料品,"195,400",100,2.56
2120,ＬＩＦＵＬＬ,サービス業,"69,000",100,1.31
2121,ミクシィ,サービス業,"227,600",100,0.88
2122,インタースペース,サービス業,"136,200",100,12.55
2124,ジェイエイシーリクルートメント,サービス業,"208,800",100,1.91
2127,日本Ｍ＆Ａセンター,サービス業,"300,000",100,1.86
2130,メンバーズ,サービス業,"183,700",100,2.19
2138,クルーズ,情報・通信業,"98,800",100,1.84
2139,中広,サービス業,"58,400",100,0.78
2146,ＵＴグループ,サービス業,"235,100",100,6.42
2148,アイティメディア,サービス業,"67,900",100,1.75
2151,タケエイ,サービス業,"104,400",100,5.73
2153,Ｅ・Ｊホールディングス,サービス業,"131,700",100,244.5
2154,トラスト・テック,サービス業,"128,800",100,11.25
2157,コシダカホールディングス,サービス業,"171,700",100,1.19
2158,ＦＲＯＮＴＥＯ,サービス業,"31,800",100,148.46
2160,ジーエヌアイグループ,医薬品,"194,300",100,315.24
2162,ｎｍｓ　ホールディングス,サービス業,"33,600",100,5.95
2168,パソナグループ,サービス業,"155,300",100,1.79
2169,ＣＤＳ,サービス業,"134,500",100,13.74
2170,リンクアンドモチベーション,サービス業,"54,800",100,0.55
2173,博展,サービス業,"61,800",100,7.8
2174,ＧＣＡ,サービス業,"73,600",100,11.26
2175,エス・エム・エス,サービス業,"267,600",100,0.72
2179,成学社,サービス業,"91,500",100,0.25
2181,パーソルホールディングス,サービス業,"207,200",100,0.91
2183,リニカル,サービス業,"99,700",100,45.68
2191,テラ,サービス業,"18,600",100,7.25
2193,クックパッド,サービス業,"30,700",100,2.13
2196,エスクリ,サービス業,"83,900",100,420.1
2198,アイ・ケイ・ケイ,サービス業,"69,900",100,1.62
2201,森永製菓,食料品,"529,000",100,0.43
2204,中村屋,食料品,"460,000",100,0.2
2206,江崎グリコ,食料品,"445,000",100,1.22
2209,井村屋グループ,食料品,"212,100",100,1.74
2211,不二家,食料品,"206,100",100,3.3
2212,山崎製パン,食料品,"195,800",100,0.19
2215,第一屋製パン,食料品,"95,300",100,1.28
2216,カンロ,食料品,"172,800",100,10.29
2217,モロゾフ,食料品,"500,000",100,0.31
2220,亀田製菓,食料品,"483,500",100,0.35
2222,寿スピリッツ,食料品,"726,000",100,0.18
2226,湖池屋,食料品,"514,000",100,8.44
2229,カルビー,食料品,"341,000",100,0.38
2264,森永乳業,食料品,"414,000",100,2.27
2266,六甲バター,食料品,"176,400",100,1.42
2267,ヤクルト本社,食料品,"617,000",100,1.77
2269,明治ホールディングス,食料品,"794,000",100,3.89
2270,雪印メグミルク,食料品,"263,700",100,4.1
2281,プリマハム,食料品,"218,200",100,0.15
2282,日本ハム,食料品,"436,000",100,1.36
2286,林兼産業,食料品,"61,700",100,60.47
2292,Ｓ　Ｆｏｏｄｓ,食料品,"302,500",100,3.12
2294,柿安本店,食料品,"210,200",100,5.25
2296,伊藤ハム米久ホールディングス,食料品,"69,500",100,4.97
2301,学情,サービス業,"144,100",100,0.25
2304,ＣＳＳホールディングス,サービス業,"39,900",100,21.97
2305,スタジオアリス,サービス業,"201,300",100,1.02
2307,クロスキャット,情報・通信業,"102,800",100,2.23
2309,シミックホールディングス,サービス業,"173,600",100,10.11
2315,カイカ,情報・通信業,"2,400",100,4.82
2317,システナ,情報・通信業,"161,900",100,2.55
2325,ＮＪＳ,サービス業,"174,800",100,2.39
2326,デジタルアーツ,情報・通信業,"729,000",100,12.66
2327,日鉄ソリューションズ,情報・通信業,"357,500",100,0.52
2331,綜合警備保障,サービス業,"567,000",100,0.4
2332,クエスト,情報・通信業,"105,200",100,389
2335,キューブシステム,情報・通信業,"78,500",100,0.32
2337,いちご,不動産業,"43,300",100,3.14
2352,エイジア,情報・通信業,"124,400",100,4.11
2353,日本駐車場開発,不動産業,"17,200",100,4.36
2359,コア,情報・通信業,"142,100",100,26.28
2362,夢真ホールディングス,サービス業,"85,900",100,0.56
2371,カカクコム,サービス業,"265,300",100,0.39
2372,アイロムグループ,サービス業,"166,400",100,8.52
2374,セントケア・ホールディング,サービス業,"51,900",100,0.1
2375,ギグワークス,サービス業,"155,300",100,160.4
2376,サイネックス,サービス業,"63,300",100,116
2378,ルネサンス,サービス業,"161,500",100,0.11
2379,ディップ,サービス業,"259,700",100,2.09
2384,ＳＢＳホールディングス,陸運業,"159,200",100,2.55
2389,オプトホールディング,サービス業,"166,100",100,0.98
2395,新日本科学,サービス業,"67,600",100,6.37
2398,ツクイ,サービス業,"43,000",100,2.29
2402,アマナ,サービス業,"76,500",100,5.74
2404,鉄人化計画,サービス業,"36,000",100,6.83
2405,ＦＵＪＩＫＯＨ,サービス業,"47,100",100,53.31
2410,キャリアデザインセンター,サービス業,"141,000",100,6.24
2411,ゲンダイエージェンシー,情報・通信業,"41,800",100,68.61
2412,ベネフィット・ワン,サービス業,"204,500",100,3.28
2413,エムスリー,サービス業,"247,800",100,2.1
2418,ツカダ・グローバルホールディング,サービス業,"60,000",100,19.39
2424,ブラス,サービス業,"66,300",100,423.5
2427,アウトソーシング,サービス業,"104,500",100,10.52
2428,ウェルネット,サービス業,"72,100",100,0.57
2429,ワールドホールディングス,サービス業,"160,000",100,6.01
2432,ディー・エヌ・エー,サービス業,"191,000",100,3.28
2433,博報堂ＤＹホールディングス,サービス業,"157,300",100,0.58
2435,シダー,サービス業,"19,300",100,44.83
2438,アスカネット,サービス業,"141,300",100,1.51
2440,ぐるなび,サービス業,"74,500",100,1.41
2445,タカミヤ,サービス業,"65,200",100,34.72
2453,ジャパンベストレスキューシステム,サービス業,"109,300",100,4.74
2461,ファンコミュニケーションズ,サービス業,"53,600",100,2.11
2462,ライク,サービス業,"164,600",100,0.58
2464,ビジネス・ブレークスルー,サービス業,"36,600",100,33.45
2468,フュートレック,サービス業,"46,300",100,58.96
2471,エスプール,サービス業,"67,900",100,1.59
2475,ＷＤＢホールディングス,サービス業,"290,400",100,6.58
2484,夢の街創造委員会,情報・通信業,"163,200",100,0.19
2485,ティア,サービス業,"61,600",100,0.18
2491,バリューコマース,サービス業,"175,800",100,9.29
2492,インフォマート,サービス業,"172,500",100,1.53
2497,ユナイテッド,サービス業,"119,100",100,2.27
2501,サッポロホールディングス,食料品,"273,800",100,0.38
2502,アサヒグループホールディングス,食料品,"539,100",100,0.19
2503,キリンホールディングス,食料品,"231,150",100,1.11
2531,宝ホールディングス,食料品,"108,700",100,1.04
2533,オエノンホールディングス,食料品,"39,500",100,0.58
2540,養命酒製造,食料品,"193,400",100,0.13
2579,コカ・コーラ　ボトラーズジャパンホールディングス,食料品,"246,300",100,3.35
2587,サントリー食品インターナショナル,食料品,"468,500",100,0.67
2590,ダイドーグループホールディングス,食料品,"442,500",100,1.21
2593,伊藤園,食料品,"513,000",100,0.21
2597,ユニカフェ,食料品,"99,900",100,5.29
2599,ジャパンフーズ,食料品,"121,600",100,1.22
2602,日清オイリオグループ,食料品,"342,000",100,0.39
2607,不二製油グループ本社,食料品,"318,500",100,3.08
2612,かどや製油,食料品,"357,500",100,9
2613,Ｊ?オイルミルズ,食料品,"409,500",100,0.53
2651,ローソン,小売業,"569,000",100,0.43
2652,まんだらけ,小売業,"60,800",100,3.54
2654,アスモ,小売業,"51,800",100,42.88
2664,カワチ薬品,小売業,"212,300",100,0.3
2667,イメージ　ワン,卸売業,"49,800",100,5.32
2669,カネ美食品,小売業,"302,500",100,3
2674,ハードオフコーポレーション,小売業,"74,400",100,13.29
2676,高千穂交易,卸売業,"112,800",100,5.65
2678,アスクル,小売業,"287,200",100,0.71
2681,ゲオホールディングス,小売業,"130,800",100,2.65
2685,アダストリア,小売業,"243,700",100,1.04
2686,ジーフット,小売業,"62,000",100,0.45
2687,シー・ヴイ・エス・ベイエリア,小売業,"67,300",100,5.22
2689,カワニシホールディングス,卸売業,"131,000",100,36.8
2692,伊藤忠食品,卸売業,"452,500",100,1.29
2694,ジー・テイスト,小売業,"7,500",100,1.06
2695,くら寿司,小売業,"449,000",100,1.04
2698,キャンドゥ,小売業,"165,000",100,0.11
2702,日本マクドナルドホールディングス,小売業,"522,000",100,0.6
2715,エレマテック,卸売業,"104,400",100,2.02
2722,アイケイ,小売業,"42,300",100,62.91
2726,パルグループホールディングス,小売業,"337,000",100,17.31
2729,ＪＡＬＵＸ,卸売業,"237,800",100,0.18
2730,エディオン,小売業,"104,100",100,0.85
2733,あらた,卸売業,"395,500",100,0.34
2734,サーラコーポレーション,小売業,"62,000",100,5.94
2735,ワッツ,小売業,"61,800",100,0.54
2742,ハローズ,小売業,"227,400",100,0.74
2749,ＪＰホールディングス,サービス業,"27,100",100,0.56
2751,テンポスホールディングス,卸売業,"213,700",100,0.74
2752,フジオフードシステム,小売業,"297,700",100,6
2753,あみやき亭,小売業,"345,500",100,0.78
2760,東京エレクトロン　デバイス,卸売業,"209,200",100,1.57
2763,エフティグループ,卸売業,"141,800",100,28.78
2764,ひらまつ,小売業,"33,900",100,10.16
2767,フィールズ,卸売業,"51,100",100,124.86
2768,双日,卸売業,"33,700",100,3.5
2778,パレモ・ホールディングス,小売業,"30,900",100,335.25
2782,セリア,小売業,"261,100",100,11.47
2784,アルフレッサ　ホールディングス,卸売業,"245,200",100,1.17
2791,大黒天物産,小売業,"344,000",100,8.09
2792,ハニーズホールディングス,小売業,"151,600",100,0.19
2796,ファーマライズホールディングス,小売業,"59,200",100,1.19
2801,キッコーマン,食料品,"518,000",100,1.36
2802,味の素,食料品,"205,550",100,2.43
2804,ブルドックソース,食料品,"111,200",100,3.13
2809,キユーピー,食料品,"256,500",100,0.95
2810,ハウス食品グループ本社,食料品,"407,500",100,0.88
2811,カゴメ,食料品,"278,500",100,2.01
2812,焼津水産化学工業,食料品,"105,000",100,1.93
2815,アリアケジャパン,食料品,"866,000",100,0.14
2816,ダイショー,食料品,"119,600",100,1.34
2819,エバラ食品工業,食料品,"213,300",100,2.41
2871,ニチレイ,食料品,"246,400",100,2.23
2875,東洋水産,食料品,"445,000",100,0.33
2882,イートアンド,食料品,"169,500",100,0.14
2883,大冷,食料品,"204,000",100,0.17
2884,ヨシムラ・フード・ホールディングス,食料品,"92,800",100,1.8
2897,日清食品ホールディングス,食料品,"791,000",100,0.23
2899,永谷園ホールディングス,食料品,"209,900",100,1.57
2904,一正蒲鉾,食料品,"108,500",100,0.24
2907,あじかん,食料品,"72,800",100,17
2908,フジッコ,食料品,"195,900",100,4.48
2910,ロック・フィールド,食料品,"146,100",100,1.17
2914,日本たばこ産業,食料品,"236,350",100,5.81
2915,ケンコーマヨネーズ,食料品,"247,000",100,1.37
2918,わらべや日洋ホールディングス,食料品,"194,500",100,0.16
2922,なとり,食料品,"164,900",100,0.45
2924,イフジ産業,食料品,"76,200",100,0.12
2925,ピックルスコーポレーション,食料品,"281,900",100,47.43
2926,篠崎屋,食料品,"11,300",100,6.54
2930,北の達人コーポレーション,食料品,"70,700",100,8.04
2931,ユーグレナ,食料品,"93,200",100,0.75
2971,エスコンジャパンリート投資法人　投資証券,ETF・REIT・その他,"122,000",1,10.05
2975,スター・マイカ・ホールディングス,不動産業,"189,800",100,0.29
2978,ツクルバ,不動産業,"144,100",100,523.11
3001,片倉工業,繊維製品,"131,900",100,28.08
3002,グンゼ,繊維製品,"448,000",100,0.18
3003,ヒューリック,不動産業,"110,500",100,0.49
3004,神栄,卸売業,"75,300",100,2.9
3023,ラサ商事,卸売業,"84,500",100,6.97
3028,アルペン,小売業,"172,400",100,0.47
3030,ハブ,小売業,"124,500",100,126.87
3031,ラクーンホールディングス,卸売業,"67,900",100,6.31
3034,クオールホールディングス,小売業,"146,300",100,3.62
3036,アルコニックス,卸売業,"126,900",100,5.75
3038,神戸物産,卸売業,"508,000",100,3.1
3041,ビューティ花壇,卸売業,"29,600",100,23.5
3046,ジンズホールディングス,小売業,"638,000",100,3.88
3048,ビックカメラ,小売業,"114,300",100,1.37
3050,ＤＣＭホールディングス,小売業,"105,900",100,0.17
3053,ペッパーフードサービス,小売業,"163,300",100,7.82
3058,三洋堂ホールディングス,小売業,"93,900",100,0.34
3059,ヒラキ,小売業,"91,000",100,5.67
3063,ジェイグループホールディングス,小売業,"71,300",100,1.66
3064,ＭｏｎｏｔａＲＯ,小売業,"282,200",100,0.63
3067,東京一番フーズ,小売業,"60,100",100,0.48
3069,ＪＦＬＡホールディングス,小売業,"40,000",100,0.94
3073,ＤＤホールディングス,小売業,"153,000",100,94.2
3075,銚子丸,小売業,"125,700",100,2.57
3076,あい　ホールディングス,卸売業,"183,600",100,0.52
3079,ディーブイエックス,卸売業,"87,100",100,1.14
3082,きちりホールディングス,小売業,"77,200",100,0.53
3085,アークランドサービスホールディングス,小売業,"194,800",100,5.74
3086,Ｊ．フロント　リテイリング,小売業,"128,000",100,0.58
3087,ドトール・日レスホールディングス,小売業,"213,300",100,0.62
3088,マツモトキヨシホールディングス,小売業,"399,000",100,0.27
3089,テクノアルファ,卸売業,"113,200",100,42
3091,ブロンコビリー,小売業,"234,400",100,0.57
3092,ＺＯＺＯ,小売業,"249,500",100,1.44
3093,トレジャー・ファクトリー,小売業,"138,000",100,0.85
3097,物語コーポレーション,小売業,"1,005,000",100,1.84
3098,ココカラファイン,小売業,"588,000",100,0.45
3099,三越伊勢丹ホールディングス,小売業,"86,600",100,1.85
3101,東洋紡,繊維製品,"141,600",100,2.12
3103,ユニチカ,繊維製品,"32,400",100,1.78
3104,富士紡ホールディングス,繊維製品,"297,000",100,0.69
3105,日清紡ホールディングス,電気機器,"85,500",100,4.22
3106,倉敷紡績,繊維製品,"224,500",100,2.43
3107,ダイワボウホールディングス,卸売業,"464,500",100,3.59
3109,シキボウ,繊維製品,"92,400",100,36.41
3110,日東紡績,ガラス・土石製品,"329,000",100,0.31
3116,トヨタ紡織,輸送用機器,"151,200",100,1.31
3121,マーチャント・バンカーズ,サービス業,"31,200",100,22.76
3132,マクニカ・富士エレホールディングス,卸売業,"140,800",100,2.72
3134,Ｈａｍｅｅ,小売業,"109,600",100,1.82
3137,ファンデリー,小売業,"152,300",100,4.28
3139,ラクト・ジャパン,卸売業,"388,500",100,3.75
3140,イデアインターナショナル,卸売業,"80,800",100,1.87
3141,ウエルシアホールディングス,小売業,"556,000",100,0.35
3148,クリエイトＳＤホールディングス,小売業,"251,600",100,1.96
3151,バイタルケーエスケー・ホールディングス,卸売業,"105,500",100,0.47
3154,メディアスホールディングス,卸売業,"72,300",100,0.18
3156,レスターホールディングス,卸売業,"179,900",100,2.72
3157,ジューテックホールディングス,卸売業,"98,900",100,9.13
3159,丸善ＣＨＩホールディングス,小売業,"37,900",100,0.73
3160,大光,卸売業,"67,700",100,0.55
3166,ＯＣＨＩホールディングス,卸売業,"129,100",100,0.62
3168,黒谷,卸売業,"43,300",100,0.34
3169,ミサワ,小売業,"51,600",100,188.42
3172,ティーライフ,小売業,"83,900",100,2.22
3173,Ｃｏｍｉｎｉｘ,卸売業,"83,900",100,148
3175,エー・ピーカンパニー,小売業,"54,700",100,61.76
3176,三洋貿易,卸売業,"215,100",100,10.98
3179,シュッピン,小売業,"106,800",100,1.15
3180,ビューティガレージ,卸売業,"188,400",100,0.87
3182,オイシックス・ラ・大地,小売業,"140,100",100,22.8
3183,ウイン・パートナーズ,卸売業,"117,700",100,0.89
3185,夢展望,小売業,"47,500",100,2.36
3186,ネクステージ,小売業,"113,800",100,1.03
3187,サンワカンパニー,小売業,"28,300",100,21.94
3189,ＡＮＡＰ,小売業,"65,300",100,8.28
3191,ジョイフル本田,小売業,"140,500",100,0.41
3193,鳥貴族,小売業,"246,400",100,0.24
3194,キリン堂ホールディングス,小売業,"215,400",100,365.82
3196,ホットランド,小売業,"115,700",100,2.14
3197,すかいらーくホールディングス,小売業,"198,700",100,0.48
3198,ＳＦＰホールディングス,小売業,"218,900",100,11.88
3199,綿半ホールディングス,小売業,"207,000",100,0.43
3201,日本毛織,繊維製品,"100,300",100,0.49
3202,ダイトウボウ,繊維製品,"8,100",100,161.85
3204,トーア紡コーポレーション,繊維製品,"53,100",100,4.46
3205,ダイドーリミテッド,繊維製品,"27,700",100,1.36
3221,ヨシックス,小売業,"312,500",100,0.44
3222,ユナイテッド・スーパーマーケット・ホールディングス,小売業,"99,000",100,0.11
3226,日本アコモデーションファンド投資法人　投資証券,ETF・REIT・その他,"682,000",1,0.52
3227,ＭＣＵＢＳ　ＭｉｄＣｉｔｙ投資法人　投資証券,ETF・REIT・その他,"118,600",1,0.98
3228,三栄建築設計,不動産業,"150,200",100,3.64
3231,野村不動産ホールディングス,不動産業,"231,300",100,0.79
3234,森ヒルズリート投資法人　投資証券,ETF・REIT・その他,"171,900",1,0.33
3236,プロパスト,不動産業,"15,000",100,366.98
3242,アーバネットコーポレーション,不動産業,"40,500",100,43.11
3244,サムティ,不動産業,"191,400",100,0.61
3245,ディア・ライフ,不動産業,"48,500",100,1.81
3246,コーセーアールイー,不動産業,"69,500",100,750
3249,産業ファンド投資法人　投資証券,ETF・REIT・その他,"155,700",1,0.9
3250,エー・ディー・ワークス,不動産業,"3,100",100,3.92
3252,日本商業開発,不動産業,"149,900",100,0.26
3254,プレサンスコーポレーション,不動産業,"174,200",100,2.71
3258,ユニゾホールディングス,不動産業,"451,000",100,13.78
3267,フィル・カンパニー,建設業,"406,000",100,78
3269,アドバンス・レジデンス投資法人　投資証券,ETF・REIT・その他,"360,500",1,0.38
3271,ＴＨＥグローバル社,不動産業,"44,800",100,3.84
3276,日本管理センター,不動産業,"147,300",100,0.9
3277,サンセイランディック,不動産業,"83,200",100,48.53
3278,ケネディクス・レジデンシャル・ネクスト投資法人　投資証券,ETF・REIT・その他,"210,900",1,1.5
3279,アクティビア・プロパティーズ投資法人　投資証券,ETF・REIT・その他,"548,000",1,1.33
3280,エストラスト,不動産業,"91,500",100,3.75
3281,ＧＬＰ投資法人　投資証券,ETF・REIT・その他,"141,400",1,1
3282,コンフォリア・レジデンシャル投資法人　投資証券,ETF・REIT・その他,"345,000",1,0.18
3284,フージャースホールディングス,不動産業,"64,200",100,2.28
3287,星野リゾート・リート投資法人　投資証券,ETF・REIT・その他,"600,000",1,9.06
3288,オープンハウス,不動産業,"269,400",100,0.26
3289,東急不動産ホールディングス,不動産業,"68,900",100,2.42
3290,Ｏｎｅリート投資法人　投資証券,ETF・REIT・その他,"316,000",1,8.34
3291,飯田グループホールディングス,不動産業,"176,400",100,0.11
3292,イオンリート投資法人　投資証券,ETF・REIT・その他,"147,300",1,2.62
3294,イーグランド,不動産業,"70,600",100,1.33
3295,ヒューリックリート投資法人　投資証券,ETF・REIT・その他,"199,700",1,0.51
3296,日本リート投資法人　投資証券,ETF・REIT・その他,"448,000",1,8.39
3298,インベスコ・オフィス・ジェイリート投資法人　投資証券,ETF・REIT・その他,"21,560",1,4.99
3299,ムゲンエステート,不動産業,"62,900",100,0.46
3300,ＡＭＢＩＴＩＯＮ,不動産業,"98,200",100,7.61
3302,帝国繊維,繊維製品,"181,400",100,3.73
3309,積水ハウス・リート投資法人　投資証券,ETF・REIT・その他,"96,300",1,0.28
3317,フライングガーデン,小売業,"158,000",100,11
3319,ゴルフダイジェスト・オンライン,小売業,"70,700",100,6.73
3320,クロスプラス,卸売業,"61,200",100,60.5
3321,ミタチ産業,卸売業,"68,500",100,91.79
3328,ＢＥＥＮＯＳ,小売業,"126,600",100,5.57
3329,東和フードサービス,小売業,"172,200",100,4.45
3333,あさひ,小売業,"121,000",100,2.54
3341,日本調剤,小売業,"378,500",100,3.91
3344,ワンダーコーポレーション,小売業,"77,500",100,2.02
3347,トラスト,小売業,"20,700",100,9.32
3349,コスモス薬品,小売業,"2,156,000",100,0.14
3359,タイセイ,卸売業,"30,300",100,9.84
3360,シップヘルスケアホールディングス,卸売業,"463,500",100,3.28
3361,トーエル,小売業,"74,000",100,4
3371,ソフトクリエイトホールディングス,情報・通信業,"166,800",100,0.51
3376,オンリー,小売業,"82,300",100,51
3377,バイク王＆カンパニー,卸売業,"18,500",100,44.62
3382,セブン＆アイ・ホールディングス,小売業,"413,300",100,0.9
3386,コスモ・バイオ,卸売業,"113,900",100,6.27
3387,クリエイト・レストランツ・ホールディングス,小売業,"176,100",100,0.32
3388,明治電機工業,卸売業,"136,600",100,13.53
3391,ツルハホールディングス,小売業,"1,192,000",100,0.51
3392,デリカフーズホールディングス,卸売業,"70,600",100,0.14
3393,スターティアホールディングス,卸売業,"53,600",100,17.2
3395,サンマルクホールディングス,小売業,"243,200",100,0.75
3396,フェリシモ,小売業,"104,300",100,1.83
3397,トリドールホールディングス,小売業,"249,100",100,0.26
3401,帝人,繊維製品,"208,700",100,0.4
3402,東レ,繊維製品,"80,950",100,3.58
3405,クラレ,化学,"135,900",100,1.02
3407,旭化成,化学,"106,900",100,2.07
3408,サカイオーベックス,繊維製品,"181,500",100,36.13
3415,ＴＯＫＹＯ　ＢＡＳＥ,小売業,"80,100",100,0.66
3421,稲葉製作所,金属製品,"145,900",100,2.81
3423,エスイー,金属製品,"30,000",100,10.72
3431,宮地エンジニアリンググループ,金属製品,"162,400",100,66.91
3433,トーカロ,金属製品,"92,200",100,2.06
3436,ＳＵＭＣＯ,金属製品,"147,700",100,1.49
3443,川田テクノロジーズ,金属製品,"707,000",100,1.48
3444,菊池製作所,金属製品,"69,700",100,3.17
3445,ＲＳ　Ｔｅｃｈｎｏｌｏｇｉｅｓ,金属製品,"352,500",100,2.2
3446,ジェイテックコーポレーション,金属製品,"365,500",100,3
3452,ビーロット,不動産業,"184,400",100,"1,197.00"
3453,ケネディクス商業リート投資法人　投資証券,ETF・REIT・その他,"267,400",1,3.08
3454,ファーストブラザーズ,不動産業,"109,600",100,5.15
3455,ヘルスケア＆メディカル投資法人　投資証券,ETF・REIT・その他,"138,400",1,5.75
3457,ハウスドゥ,不動産業,"179,600",100,2.13
3458,シーアールイー,不動産業,"103,800",100,43
3464,プロパティエージェント,不動産業,"109,900",100,4.27
3465,ケイアイスター不動産,不動産業,"197,400",100,2.55
3466,ラサールロジポート投資法人　投資証券,ETF・REIT・その他,"154,100",1,0.46
3467,アグレ都市デザイン,不動産業,"44,000",100,153.67
3468,スターアジア不動産投資法人　投資証券,ETF・REIT・その他,"116,600",1,6.73
3475,グッドコムアセット,不動産業,"187,500",100,2.74
3476,投資法人みらい　投資証券,ETF・REIT・その他,"64,400",1,2.85
3478,森トラスト・ホテルリート投資法人　投資証券,ETF・REIT・その他,"142,100",1,9.86
3479,ティーケーピー,不動産業,"532,000",100,7.12
3480,ジェイ・エス・ビー,不動産業,"460,000",100,2.31
3481,三菱地所物流リート投資法人　投資証券,ETF・REIT・その他,"342,500",1,0.83
3482,ロードスターキャピタル,不動産業,"86,500",100,3.06
3484,テンポイノベーション,不動産業,"169,000",100,301.25
3487,ＣＲＥロジスティクスファンド投資法人　投資証券,ETF・REIT・その他,"134,700",1,1.39
3491,ＧＡ　ｔｅｃｈｎｏｌｏｇｉｅｓ,不動産業,"302,000",100,6.44
3492,タカラレーベン不動産投資法人　投資証券,ETF・REIT・その他,"117,100",1,88.92
3501,住江織物,繊維製品,"303,500",100,1.16
3512,日本フエルト,繊維製品,"46,500",100,56
3521,エコナックホールディングス,サービス業,"12,500",100,11.15
3526,芦森工業,輸送用機器,"140,200",100,22.19
3529,アツギ,繊維製品,"84,500",100,1.85
3538,ウイルプラスホールディングス,小売業,"74,800",100,31.41
3539,ジャパンミート,小売業,"225,000",100,1.82
3543,コメダホールディングス,卸売業,"200,500",100,3.03
3544,サツドラホールディングス,小売業,"176,300",100,0.34
3545,デファクトスタンダード,小売業,"32,800",100,3.34
3546,アレンザホールディングス,小売業,"75,400",100,2.5
3547,串カツ田中ホールディングス,小売業,"226,500",100,0.94
3548,バロックジャパンリミテッド,小売業,"100,800",100,6.18
3549,クスリのアオキホールディングス,小売業,"764,000",100,0.16
3550,スタジオアタオ,小売業,"71,200",100,"2,105.00"
3551,ダイニック,繊維製品,"73,500",100,853
3553,共和レザー,化学,"77,100",100,7.14
3556,リネットジャパングループ,小売業,"87,100",100,64.31
3558,ロコンド,小売業,"99,900",100,20.95
3561,力の源ホールディングス,小売業,"80,200",100,2.88
3563,スシローグローバルホールディングス,小売業,"719,000",100,4.01
3564,ＬＩＸＩＬビバ,小売業,"167,800",100,2.64
3569,セーレン,繊維製品,"124,800",100,0.32
3571,ソトー,繊維製品,"97,000",100,1.03
3580,小松マテーレ,繊維製品,"80,000",100,0.83
3591,ワコールホールディングス,繊維製品,"280,200",100,0.15
3593,ホギメディカル,繊維製品,"308,000",100,0.54
3606,レナウン,繊維製品,"11,500",100,12.43
3607,クラウディアホールディングス,繊維製品,"50,100",100,4.31
3608,ＴＳＩホールディングス,繊維製品,"60,200",100,0.76
3611,マツオカコーポレーション,繊維製品,"211,100",100,5.15
3612,ワールド,繊維製品,"255,700",100,0.56
3622,ネットイヤーグループ,情報・通信業,"63,500",100,4.33
3626,ＴＩＳ,情報・通信業,"632,000",100,1.62
3627,ネオス,情報・通信業,"81,800",100,1.76
3630,電算システム,情報・通信業,"292,500",100,19.11
3632,グリー,情報・通信業,"49,800",100,5.93
3635,コーエーテクモホールディングス,情報・通信業,"234,200",100,0.76
3636,三菱総合研究所,情報・通信業,"363,500",100,0.98
3639,ボルテージ,情報・通信業,"53,300",100,3.48
3640,電算,情報・通信業,"202,900",100,0.21
3645,メディカルネット,情報・通信業,"49,700",100,12.54
3648,ＡＧＳ,情報・通信業,"68,000",100,0.19
3649,ファインデックス,情報・通信業,"92,700",100,26.01
3653,モルフォ,情報・通信業,"276,100",100,2.46
3655,ブレインパッド,情報・通信業,"620,000",100,1.51
3656,ＫＬａｂ,情報・通信業,"143,400",100,2.65
3657,ポールトゥウィン・ピットクルーホールディングス,情報・通信業,"105,900",100,6.84
3659,ネクソン,情報・通信業,"133,000",100,0.95
3660,アイスタイル,情報・通信業,"76,600",100,0.28
3661,エムアップ,情報・通信業,"207,300",100,0.93
3662,エイチーム,情報・通信業,"111,000",100,1.05
3663,アートスパークホールディングス,情報・通信業,"59,300",100,723
3664,モブキャストホールディングス,情報・通信業,"21,100",100,4.32
3665,エニグモ,情報・通信業,"99,300",100,19.9
3667,ｅｎｉｓｈ,情報・通信業,"96,000",100,1.24
3668,コロプラ,情報・通信業,"148,300",100,1.08
3671,ソフトマックス,情報・通信業,"106,200",100,461
3673,ブロードリーフ,情報・通信業,"58,300",100,0.27
3674,オークファン,情報・通信業,"79,900",100,11.88
3675,クロス・マーケティンググループ,情報・通信業,"35,700",100,15.48
3676,デジタルハーツホールディングス,情報・通信業,"91,700",100,10.4
3677,システム情報,情報・通信業,"101,100",100,4.54
3678,メディアドゥホールディングス,情報・通信業,"393,000",100,1.03
3679,じげん,情報・通信業,"57,700",100,9.14
3680,ホットリンク,情報・通信業,"29,500",100,6.06
3681,ブイキューブ,情報・通信業,"39,800",100,2.21
3683,サイバーリンクス,情報・通信業,"113,800",100,22.7
3687,フィックスターズ,情報・通信業,"145,600",100,47.28
3688,ＣＡＲＴＡ　ＨＯＬＤＩＮＧＳ,情報・通信業,"102,500",100,14.43
3689,イグニス,情報・通信業,"121,600",100,343.75
3690,イルグルム,情報・通信業,"130,100",100,2.17
3692,ＦＦＲＩ,情報・通信業,"323,000",100,1.2
3694,オプティム,情報・通信業,"279,900",100,0.45
3697,ＳＨＩＦＴ,情報・通信業,"535,000",100,4.32
3698,ＣＲＩ・ミドルウェア,情報・通信業,"179,500",100,4.2
3708,特種東海製紙,パルプ・紙,"389,000",100,0.55
3710,ジョルダン,情報・通信業,"140,000",100,5.29
3711,創通,情報・通信業,"186,800",100,25.5
3712,情報企画,情報・通信業,"216,100",100,9.1
3723,日本ファルコム,情報・通信業,"140,200",100,426.8
3727,アプリックス,情報・通信業,"25,600",100,5.6
3741,セック,情報・通信業,"302,000",100,29.67
3744,サイオス,情報・通信業,"54,300",100,3.76
3747,インタートレード,情報・通信業,"101,000",100,2.53
3751,日本アジアグループ,情報・通信業,"33,900",100,22.92
3756,豆蔵ホールディングス,情報・通信業,"177,000",100,25.64
3758,アエリア,情報・通信業,"134,000",100,4.09
3762,テクマトリックス,情報・通信業,"232,900",100,3.51
3763,プロシップ,情報・通信業,"121,400",100,91.5
3765,ガンホー・オンライン・エンターテイメント,情報・通信業,"246,200",100,8.24
3768,リスクモンスター,情報・通信業,"147,600",100,15
3769,ＧＭＯペイメントゲートウェイ,情報・通信業,"742,000",100,5.26
3770,ザッパラス,情報・通信業,"39,300",100,58.89
3771,システムリサーチ,情報・通信業,"197,100",100,0.78
3772,ウェルス・マネジメント,不動産業,"235,600",100,"2,479.00"
3774,インターネットイニシアティブ,情報・通信業,"245,500",100,0.63
3778,さくらインターネット,情報・通信業,"61,900",100,2.02
3784,ヴィンクス,情報・通信業,"124,500",100,232.3
3788,ＧＭＯクラウド,情報・通信業,"267,300",100,2.76
3791,ＩＧポート,情報・通信業,"157,400",100,11.47
3796,いい生活,情報・通信業,"33,600",100,238
3807,フィスコ,情報・通信業,"17,300",100,15.36
3810,サイバーステップ,情報・通信業,"101,400",100,"1,966.40"
3817,ＳＲＡホールディングス,情報・通信業,"244,000",100,10.57
3822,Ｍｉｎｏｒｉソリューションズ,情報・通信業,"191,600",100,0.29
3823,アクロディア,情報・通信業,"20,300",100,329.09
3826,システムインテグレータ,情報・通信業,"66,200",100,8.77
3834,朝日ネット,情報・通信業,"69,100",100,9.75
3836,アバント,情報・通信業,"207,200",100,5.34
3837,アドソル日進,情報・通信業,"222,600",100,2.98
3839,ＯＤＫソリューションズ,情報・通信業,"52,400",100,47.9
3843,フリービット,情報・通信業,"92,200",100,9.8
3844,コムチュア,情報・通信業,"203,500",100,3.71
3851,日本一ソフトウェア,情報・通信業,"177,100",100,3.48
3853,アステリア,情報・通信業,"70,000",100,10.17
3854,アイル,情報・通信業,"265,100",100,203
3857,ラック,情報・通信業,"133,900",100,26.59
3861,王子ホールディングス,パルプ・紙,"51,300",100,3.64
3863,日本製紙,パルプ・紙,"180,300",100,1.19
3864,三菱製紙,パルプ・紙,"49,000",100,31.3
3865,北越コーポレーション,パルプ・紙,"55,500",100,12.26
3877,中越パルプ工業,パルプ・紙,"156,300",100,5.9
3878,巴川製紙所,パルプ・紙,"100,100",100,0.61
3880,大王製紙,パルプ・紙,"138,500",100,0.13
3891,ニッポン高度紙工業,パルプ・紙,"124,500",100,2.93
3892,岡山製紙,パルプ・紙,"77,100",100,29.17
3900,クラウドワークス,情報・通信業,"112,100",100,4.06
3903,ｇｕｍｉ,情報・通信業,"75,100",100,12.46
3904,カヤック,情報・通信業,"57,900",100,"3,260.00"
3905,データセクション,情報・通信業,"55,300",100,13.37
3911,Ａｉｍｉｎｇ,情報・通信業,"25,300",100,"1,558.73"
3912,モバイルファクトリー,情報・通信業,"163,900",100,1.38
3913,ｓＭｅｄｉｏ,情報・通信業,"103,700",100,308.14
3914,ＪＩＧ?ＳＡＷ,情報・通信業,"447,000",100,22.41
3916,デジタル・インフォメーション・テクノロジー,情報・通信業,"176,400",100,2.58
3917,アイリッジ,情報・通信業,"89,200",100,4.26
3919,パイプドＨＤ,情報・通信業,"145,000",100,1.69
3920,アイビーシー,情報・通信業,"106,500",100,"2,863.00"
3921,ネオジャパン,情報・通信業,"101,700",100,1.86
3923,ラクス,情報・通信業,"165,000",100,0.26
3924,ランドコンピュータ,情報・通信業,"108,200",100,153
3926,オープンドア,情報・通信業,"219,700",100,25.39
3928,マイネット,情報・通信業,"51,300",100,4.33
3930,はてな,情報・通信業,"265,000",100,79.91
3932,アカツキ,情報・通信業,"656,000",100,50.37
3933,チエル,情報・通信業,"110,400",100,2.06
3938,ＬＩＮＥ,情報・通信業,"399,000",100,32.27
3939,カナミックネットワーク,情報・通信業,"57,900",100,450.13
3940,ノムラシステムコーポレーション,情報・通信業,"52,200",100,41.67
3941,レンゴー,パルプ・紙,"79,600",100,3.11
3946,トーモク,パルプ・紙,"158,200",100,8.76
3950,ザ・パック,パルプ・紙,"353,000",100,0.12
3951,朝日印刷,パルプ・紙,"100,000",100,83.5
3962,チェンジ,情報・通信業,"205,000",100,13.58
3964,オークネット,情報・通信業,"136,000",100,0.55
3966,ユーザベース,情報・通信業,"220,500",100,62.68
3968,セグエグループ,情報・通信業,"143,800",100,15.36
3969,エイトレッド,情報・通信業,"157,700",100,9.4
3975,ＡＯＩ　ＴＹＯ　Ｈｏｌｄｉｎｇｓ,情報・通信業,"63,200",100,12.46
3978,マクロミル,情報・通信業,"89,400",100,23.44
3981,ビーグリー,情報・通信業,"93,600",100,37.18
3983,オロ,情報・通信業,"288,400",100,0.8
3984,ユーザーローカル,情報・通信業,"404,500",100,8.33
3987,エコモット,情報・通信業,"126,500",100,5.01
3989,シェアリングテクノロジー,情報・通信業,"41,400",100,147.8
3990,ＵＵＵＭ,情報・通信業,"533,000",100,10.37
3991,ウォンテッドリー,情報・通信業,"315,000",100,3.76
3992,ニーズウェル,情報・通信業,"72,000",100,6.52
3993,ＰＫＳＨＡ　Ｔｅｃｈｎｏｌｏｇｙ,情報・通信業,"484,000",100,87.76
3994,マネーフォワード,情報・通信業,"359,500",100,35.06
3996,サインポスト,情報・通信業,"238,300",100,1.08
4004,昭和電工,化学,"286,700",100,6.09
4005,住友化学,化学,"49,300",100,2.49
4008,住友精化,化学,"325,500",100,2.77
4021,日産化学,化学,"447,000",100,1.14
4022,ラサ工業,化学,"126,200",100,13.78
4023,クレハ,化学,"641,000",100,12.19
4025,多木化学,化学,"470,500",100,0.79
4027,テイカ,化学,"201,100",100,3.43
4028,石原産業,化学,"96,300",100,10.46
4031,片倉コープアグリ,化学,"106,500",100,1.73
4041,日本曹達,化学,"262,600",100,1.1
4042,東ソー,化学,"143,600",100,3.93
4043,トクヤマ,化学,"240,800",100,4.9
4044,セントラル硝子,化学,"230,500",100,5.89
4045,東亞合成,化学,"122,600",100,0.19
4046,大阪ソーダ,化学,"279,600",100,0.82
4047,関東電化工業,化学,"78,500",100,1.56
4061,デンカ,化学,"294,200",100,3.14
4062,イビデン,電気機器,"218,400",100,0.9
4063,信越化学工業,化学,"1,178,000",100,0.79
4064,日本カーバイド工業,化学,"123,000",100,20.69
4078,堺化学工業,化学,"255,300",100,2.36
4082,第一稀元素化学工業,化学,"80,600",100,6.86
4088,エア・ウォーター,化学,"194,800",100,0.15
4091,大陽日酸,化学,"222,100",100,0.62
4092,日本化学工業,化学,"238,300",100,1.7
4093,東邦アセチレン,化学,"136,400",100,69
4095,日本パーカライジング,化学,"118,200",100,0.11
4097,高圧ガス工業,化学,"82,000",100,3.09
4099,四国化成工業,化学,"114,100",100,3.8
4100,戸田工業,化学,"225,000",100,1.82
4109,ステラ　ケミファ,化学,"264,100",100,2.06
4112,保土谷化学工業,化学,"328,000",100,1.03
4114,日本触媒,化学,"622,000",100,1.31
4116,大日精化工業,化学,"325,000",100,1.06
4118,カネカ,化学,"338,000",100,1.65
4120,スガイ化学工業,化学,"112,700",100,86
4151,協和キリン,医薬品,"214,200",100,2.16
4182,三菱瓦斯化学,化学,"143,400",100,3.03
4183,三井化学,化学,"241,900",100,1.17
4185,ＪＳＲ,化学,"174,200",100,1.04
4186,東京応化工業,化学,"402,000",100,0.13
4187,大阪有機化学工業,化学,"107,700",100,3.56
4188,三菱ケミカルホールディングス,化学,"78,700",100,3.66
4189,ＫＨネオケム,化学,"238,100",100,1.39
4202,ダイセル,化学,"91,200",100,1.54
4203,住友ベークライト,化学,"422,500",100,0.35
4204,積水化学工業,化学,"172,500",100,1.38
4205,日本ゼオン,化学,"131,900",100,0.4
4206,アイカ工業,化学,"322,500",100,2.44
4208,宇部興産,化学,"219,300",100,2.01
4212,積水樹脂,化学,"217,300",100,0.53
4215,タキロンシーアイ,化学,"64,200",100,3.26
4216,旭有機材,化学,"132,500",100,11.95
4217,日立化成,化学,"349,500",100,6.29
4218,ニチバン,化学,"162,900",100,0.23
4220,リケンテクノス,化学,"46,500",100,17.36
4221,大倉工業,化学,"165,400",100,4.38
4228,積水化成品工業,化学,"76,000",100,10.67
4229,群栄化学工業,化学,"243,700",100,4.44
4231,タイガースポリマー,化学,"60,800",100,24.04
4237,フジプレアム,化学,"29,200",100,14.23
4240,クラスターテクノロジー,化学,"55,300",100,10.46
4245,ダイキアクシス,化学,"81,800",100,17.96
4246,ダイキョーニシカワ,化学,"77,600",100,0.49
4248,竹本容器,化学,"95,600",100,28.46
4249,森六ホールディングス,化学,"246,300",100,8.28
4275,カーリットホールディングス,化学,"58,900",100,60.06
4282,ＥＰＳホールディングス,サービス業,"128,100",100,36.26
4286,レッグス,サービス業,"159,000",100,1.18
4288,アズジェント,情報・通信業,"200,300",100,6.73
4290,プレステージ・インターナショナル,サービス業,"84,900",100,5.17
4293,セプテーニ・ホールディングス,サービス業,"31,900",100,7.66
4295,フェイス,情報・通信業,"77,900",100,2.85
4298,プロトコーポレーション,情報・通信業,"119,700",100,0.13
4299,ハイマックス,情報・通信業,"186,700",100,0.36
4301,アミューズ,サービス業,"271,700",100,0.21
4307,野村総合研究所,情報・通信業,"216,300",100,1.22
4310,ドリームインキュベータ,サービス業,"147,500",100,8.02
4312,サイバネットシステム,情報・通信業,"67,900",100,9.06
4318,クイック,サービス業,"136,900",100,10.85
4319,ＴＡＣ,サービス業,"19,500",100,8.68
4320,ＣＥホールディングス,情報・通信業,"45,300",100,2.22
4321,ケネディクス,サービス業,"54,400",100,10.54
4323,日本システム技術,情報・通信業,"123,500",100,13.91
4324,電通,サービス業,"383,500",100,3.67
4326,インテージホールディングス,情報・通信業,"92,300",100,0.11
4331,テイクアンドギヴ・ニーズ,サービス業,"116,500",100,66.89
4333,東邦システムサイエンス,情報・通信業,"103,500",100,0.41
4337,ぴあ,サービス業,"468,500",100,0.23
4343,イオンファンタジー,サービス業,"306,000",100,1.53
4344,ソースネクスト,情報・通信業,"47,400",100,0.83
4345,シーティーエス,サービス業,"71,100",100,1.56
4346,ネクシィーズグループ,サービス業,"194,100",100,11.29
4347,ブロードメディア,サービス業,"8,500",100,10
4348,インフォコム,情報・通信業,"253,600",100,1.02
4355,ロングライフホールディング,サービス業,"42,900",100,1.75
4356,応用技術,情報・通信業,"202,000",100,"2,123.00"
4362,日本精化,化学,"124,700",100,2.3
4368,扶桑化学工業,化学,"233,000",100,0.82
4369,トリケミカル研究所,化学,"661,000",100,5.06
4382,ＨＥＲＯＺ,情報・通信業,"1,292,000",100,21.03
4384,ラクスル,情報・通信業,"350,000",100,15.82
4385,メルカリ,情報・通信業,"262,300",100,9.48
4387,ＺＵＵ,情報・通信業,"420,000",100,1.17
4388,エーアイ,情報・通信業,"161,400",100,97.42
4392,ＦＩＧ,情報・通信業,"31,000",100,7.77
4393,バンク・オブ・イノベーション,情報・通信業,"322,500",100,840.14
4397,チームスピリット,情報・通信業,"187,200",100,194.47
4401,ＡＤＥＫＡ,化学,"135,000",100,0.9
4403,日油,化学,"359,000",100,1.03
4404,ミヨシ油脂,食料品,"118,000",100,23.55
4406,新日本理化,化学,"18,900",100,6.63
4410,ハリマ化成グループ,化学,"122,900",100,0.84
4420,イーソル,情報・通信業,"135,000",100,9.87
4425,Ｋｕｄａｎ,情報・通信業,"1,022,000",100,808.5
4427,ＥｄｕＬａｂ,情報・通信業,"542,000",100,6.26
4428,シノプス,情報・通信業,"255,700",100,303.5
4431,スマレジ,情報・通信業,"265,000",100,29.26
4435,カオナビ,情報・通信業,"552,000",100,339
4437,ｇｏｏｄｄａｙｓホールディングス,情報・通信業,"260,200",100,110.25
4441,トビラシステムズ,情報・通信業,"597,000",100,787
4442,バルテス,情報・通信業,"152,300",100,10.65
4443,Ｓａｎｓａｎ,情報・通信業,"415,000",100,41.15
4452,花王,化学,"812,300",100,4.48
4461,第一工業製薬,化学,"283,500",100,4.26
4462,石原ケミカル,化学,"165,500",100,0.11
4463,日華化学,化学,"83,400",100,20.29
4464,ソフト９９コーポレーション,化学,"95,100",100,9.8
4465,ニイタカ,化学,"156,400",100,101
4471,三洋化成工業,化学,"475,500",100,4.85
4502,武田薬品工業,医薬品,"378,000",100,6.96
4503,アステラス製薬,医薬品,"153,750",100,5.09
4506,大日本住友製薬,医薬品,"180,900",100,2.12
4507,塩野義製薬,医薬品,"584,100",100,7.89
4508,田辺三菱製薬,医薬品,"121,700",100,0.75
4512,わかもと製薬,医薬品,"24,100",100,0.94
4514,あすか製薬,医薬品,"109,800",100,21.41
4516,日本新薬,医薬品,"910,000",100,1.65
4517,ビオフェルミン製薬,医薬品,"220,400",100,3.15
4519,中外製薬,医薬品,"836,000",100,0.18
4521,科研製薬,医薬品,"507,000",100,0.32
4523,エーザイ,医薬品,"549,300",100,9.43
4526,理研ビタミン,食料品,"349,500",100,2.12
4527,ロート製薬,医薬品,"295,200",100,1.66
4528,小野薬品工業,医薬品,"198,200",100,37.69
4530,久光製薬,医薬品,"476,500",100,0.2
4531,有機合成薬品工業,化学,"23,800",100,4.39
4534,持田製薬,医薬品,"415,000",100,0.37
4536,参天製薬,医薬品,"190,600",100,0.46
4538,扶桑薬品工業,医薬品,"199,000",100,4.33
4539,日本ケミファ,医薬品,"289,300",100,29
4540,ツムラ,医薬品,"293,900",100,0.81
4541,日医工,医薬品,"121,300",100,8.95
4543,テルモ,精密機器,"342,100",100,3.05
4544,みらかホールディングス,サービス業,"245,400",100,3.39
4548,生化学工業,医薬品,"111,400",100,6.83
4549,栄研化学,医薬品,"164,200",100,4.37
4550,日水製薬,医薬品,"120,000",100,0.19
4551,鳥居薬品,医薬品,"288,200",100,9.49
4552,ＪＣＲファーマ,医薬品,"819,000",100,3.17
4553,東和薬品,医薬品,"251,000",100,0.6
4554,富士製薬工業,医薬品,"134,900",100,1.43
4555,沢井製薬,医薬品,"566,000",100,0.47
4559,ゼリア新薬工業,医薬品,"190,600",100,0.84
4563,アンジェス,医薬品,"70,500",100,42.09
4564,オンコセラピー・サイエンス,医薬品,"10,200",100,34.26
4565,そーせいグループ,医薬品,"245,900",100,627.49
4568,第一三共,医薬品,"691,600",100,0.37
4569,キョーリン製薬ホールディングス,医薬品,"182,400",100,5.15
4570,免疫生物研究所,医薬品,"77,500",100,"1,679.75"
4572,カルナバイオサイエンス,医薬品,"192,600",100,27.2
4574,大幸薬品,医薬品,"245,600",100,0.7
4577,ダイト,医薬品,"306,000",100,1.59
4578,大塚ホールディングス,医薬品,"467,700",100,0.84
4579,ラクオリア創薬,医薬品,"141,400",100,"1,266.25"
4581,大正製薬ホールディングス,医薬品,"789,000",100,1.59
4582,シンバイオ製薬,医薬品,"65,500",100,968.81
4586,メドレックス,医薬品,"42,400",100,"1,384.91"
4587,ペプチドリーム,医薬品,"515,000",100,4.5
4588,オンコリスバイオファーマ,医薬品,"227,600",100,"6,422.40"
4592,サンバイオ,医薬品,"449,000",100,130.78
4594,ブライトパス・バイオ,医薬品,"33,600",100,11.63
4611,大日本塗料,化学,"108,100",100,7.4
4612,日本ペイントホールディングス,化学,"570,000",100,0.11
4613,関西ペイント,化学,"254,400",100,0.38
4617,中国塗料,化学,"88,500",100,0.16
4619,日本特殊塗料,化学,"113,400",100,7.21
4620,藤倉化成,化学,"52,600",100,1.46
4623,アサヒペン,化学,"168,500",100,34
4626,太陽ホールディングス,化学,"364,500",100,0.96
4631,ＤＩＣ,化学,"302,500",100,0.79
4633,サカタインクス,化学,"112,900",100,0.39
4634,東洋インキＳＣホールディングス,化学,"249,700",100,0.56
4636,Ｔ＆Ｋ　ＴＯＫＡ,化学,"96,000",100,2.34
4641,アルプス技研,サービス業,"154,900",100,3.97
4644,イマジニア,情報・通信業,"90,100",100,6.06
4651,サニックス,サービス業,"41,100",100,0.68
4653,ダイオーズ,サービス業,"149,400",100,0.1
4658,日本空調サービス,サービス業,"69,300",100,6.81
4661,オリエンタルランド,サービス業,"1,649,000",100,0.59
4666,パーク２４,不動産業,"246,800",100,0.4
4668,明光ネットワークジャパン,サービス業,"88,700",100,0.48
4674,クレスコ,情報・通信業,"354,500",100,37
4676,フジ・メディア・ホールディングス,情報・通信業,"140,000",100,0.7
4678,秀英予備校,サービス業,"42,800",100,0.95
4680,ラウンドワン,サービス業,"161,600",100,1.56
4681,リゾートトラスト,サービス業,"178,800",100,0.66
4684,オービック,情報・通信業,"1,237,000",100,2.62
4686,ジャストシステム,情報・通信業,"399,500",100,12.84
4687,ＴＤＣソフト,情報・通信業,"81,100",100,8.73
4689,ヤフー,情報・通信業,"30,300",100,7.29
4694,ビー・エム・エル,サービス業,"293,000",100,0.64
4696,ワタベウェディング,サービス業,"58,100",100,2.38
4704,トレンドマイクロ,情報・通信業,"510,000",100,1.75
4708,りらいあコミュニケーションズ,サービス業,"135,300",100,0.59
4709,ＩＤホールディングス,情報・通信業,"128,400",100,16.36
4712,ＫｅｙＨｏｌｄｅｒ,サービス業,"8,400",100,8.36
4714,リソー教育,サービス業,"44,300",100,105.64
4716,日本オラクル,情報・通信業,"930,000",100,0.25
4718,早稲田アカデミー,サービス業,"81,900",100,0.85
4719,アルファシステムズ,情報・通信業,"279,200",100,0.51
4722,フューチャー,情報・通信業,"189,100",100,8.46
4725,ＣＡＣ　Ｈｏｌｄｉｎｇｓ,情報・通信業,"130,500",100,6.8
4726,ソフトバンク・テクノロジー,情報・通信業,"204,200",100,0.71
4733,オービックビジネスコンサルタント,情報・通信業,"448,500",100,0.2
4739,伊藤忠テクノソリューションズ,情報・通信業,"293,000",100,9.31
4743,アイティフォー,情報・通信業,"83,600",100,10.09
4745,東京個別指導学院,サービス業,"93,900",100,11.01
4746,東計電算,情報・通信業,"312,000",100,17.5
4750,ダイサン,サービス業,"65,200",100,38.83
4751,サイバーエージェント,サービス業,"429,500",100,5.01
4755,楽天,サービス業,"106,400",100,7.13
4764,ＳＡＭＵＲＡＩ＆Ｊ　ＰＡＲＴＮＥＲＳ,情報・通信業,"14,500",100,"7,816.60"
4765,モーニングスター,サービス業,"36,800",100,2.46
4768,大塚商会,情報・通信業,"430,500",100,1.48
4771,エフアンドエム,サービス業,"122,100",100,1.49
4776,サイボウズ,情報・通信業,"103,400",100,12.15
4779,ソフトブレーン,情報・通信業,"64,600",100,1.69
4783,日本コンピュータ・ダイナミクス,情報・通信業,"83,100",100,3.61
4792,山田コンサルティンググループ,サービス業,"165,400",100,1.49
4800,オリコン,情報・通信業,"135,400",100,0.77
4809,パラカ,不動産業,"207,900",100,0.19
4812,電通国際情報サービス,情報・通信業,"342,000",100,4.56
4816,東映アニメーション,情報・通信業,"494,500",100,4.3
4819,デジタルガレージ,情報・通信業,"345,500",100,16.58
4820,ＥＭシステムズ,情報・通信業,"203,000",100,0.23
4825,ウェザーニューズ,情報・通信業,"336,500",100,0.41
4826,ＣＩＪ,情報・通信業,"83,500",100,9.45
4828,東洋ビジネスエンジニアリング,情報・通信業,"295,800",100,2.28
4829,日本エンタープライズ,情報・通信業,"18,600",100,6.7
4837,シダックス,サービス業,"27,800",100,2.94
4839,ＷＯＷＯＷ,情報・通信業,"261,700",100,0.18
4845,スカラ,情報・通信業,"100,200",100,19.58
4847,インテリジェント　ウェイブ,情報・通信業,"81,700",100,3.07
4848,フルキャストホールディングス,サービス業,"216,700",100,1.4
4849,エン・ジャパン,サービス業,"417,500",100,0.35
4901,富士フイルムホールディングス,化学,"477,500",100,12.1
4902,コニカミノルタ,電気機器,"76,700",100,4.04
4911,資生堂,化学,"877,800",100,0.17
4912,ライオン,化学,"212,500",100,0.24
4914,高砂香料工業,化学,"267,700",100,0.94
4917,マンダム,化学,"271,200",100,0.19
4919,ミルボン,化学,"533,000",100,0.74
4921,ファンケル,化学,"286,100",100,3.89
4922,コーセー,化学,"1,839,000",100,0.78
4923,コタ,化学,"125,600",100,0.51
4925,ハーバー研究所,化学,"805,000",100,21.55
4926,シーボン,化学,"241,500",100,4.75
4927,ポーラ・オルビスホールディングス,化学,"245,200",100,2.55
4928,ノエビアホールディングス,化学,"560,000",100,0.47
4929,アジュバンコスメジャパン,化学,"94,900",100,0.3
4951,エステー,化学,"163,000",100,3.18
4952,エス・ディー・エス　バイオテック,化学,"84,500",100,31.33
4955,アグロ　カネショウ,化学,"155,100",100,0.98
4956,コニシ,化学,"147,700",100,1.97
4957,ヤスハラケミカル,化学,"66,600",100,20
4960,ケミプロ化成,化学,"22,800",100,3.19
4963,星光ＰＭＣ,化学,"80,200",100,4.25
4966,上村工業,化学,"571,000",100,0.85
4967,小林製薬,化学,"841,000",100,0.47
4968,荒川化学工業,化学,"149,900",100,0.64
4971,メック,化学,"154,900",100,0.47
4973,日本高純度化学,化学,"250,000",100,1.09
4974,タカラバイオ,化学,"235,800",100,20.19
4975,ＪＣＵ,化学,"218,700",100,0.56
4977,新田ゼラチン,化学,"67,000",100,67.62
4980,デクセリアルズ,化学,"78,700",100,2.9
4992,北興化学工業,化学,"49,400",100,9.25
4994,大成ラミック,化学,"285,900",100,1.08
4996,クミアイ化学工業,化学,"92,100",100,0.39
4997,日本農薬,化学,"48,100",100,0.92
4998,フマキラー,化学,"107,300",100,6.22
5008,東亜石油,石油・石炭製品,"239,000",100,1.27
5009,富士興産,卸売業,"70,900",100,4.32
5011,ニチレキ,石油・石炭製品,"111,800",100,10.72
5013,ユシロ化学工業,石油・石炭製品,"138,100",100,2.12
5015,ビーピー・カストロール,石油・石炭製品,"141,000",100,95.67
5017,富士石油,石油・石炭製品,"25,100",100,13.96
5018,ＭＯＲＥＳＣＯ,石油・石炭製品,"136,000",100,6.41
5019,出光興産,石油・石炭製品,"317,500",100,4.33
5020,ＪＸＴＧホールディングス,石油・石炭製品,"50,000",100,1.3
5021,コスモエネルギーホールディングス,石油・石炭製品,"223,700",100,3.01
5101,横浜ゴム,ゴム製品,"219,100",100,0.11
5105,ＴＯＹＯ　ＴＩＲＥ,ゴム製品,"140,300",100,1.41
5108,ブリヂストン,ゴム製品,"426,300",100,0.83
5110,住友ゴム工業,ゴム製品,"130,100",100,0.73
5121,藤倉コンポジット,ゴム製品,"43,800",100,6.71
5122,オカモト,ゴム製品,"402,500",100,2.76
5142,アキレス,化学,"173,300",100,3.34
5162,朝日ラバー,ゴム製品,"67,000",100,50.76
5184,ニチリン,ゴム製品,"141,600",100,23.21
5185,フコク,ゴム製品,"70,800",100,6.3
5186,ニッタ,ゴム製品,"292,400",100,2.76
5191,住友理工,ゴム製品,"87,200",100,0.2
5192,三ツ星ベルト,ゴム製品,"180,200",100,5
5195,バンドー化学,ゴム製品,"84,200",100,8.61
5201,ＡＧＣ,ガラス・土石製品,"338,000",100,3.03
5202,日本板硝子,ガラス・土石製品,"66,300",100,8.3
5204,石塚硝子,ガラス・土石製品,"197,000",100,34.88
5208,有沢製作所,化学,"104,100",100,5.4
5210,日本山村硝子,ガラス・土石製品,"129,200",100,20.42
5214,日本電気硝子,ガラス・土石製品,"239,300",100,1.48
5218,オハラ,ガラス・土石製品,"152,800",100,0.84
5232,住友大阪セメント,ガラス・土石製品,"470,000",100,0.14
5233,太平洋セメント,ガラス・土石製品,"296,900",100,10.69
5237,ノザワ,ガラス・土石製品,"62,200",100,60.98
5261,リソルホールディングス,サービス業,"402,000",100,0.3
5262,日本ヒューム,ガラス・土石製品,"76,500",100,42.76
5269,日本コンクリート工業,ガラス・土石製品,"27,600",100,2.29
5273,三谷セキサン,ガラス・土石製品,"326,500",100,0.13
5287,イトーヨーギョー,ガラス・土石製品,"89,400",100,92.5
5288,アジアパイルホールディングス,ガラス・土石製品,"52,800",100,65.82
5301,東海カーボン,ガラス・土石製品,"110,000",100,0.89
5302,日本カーボン,ガラス・土石製品,"386,000",100,1.18
5304,ＳＥＣカーボン,ガラス・土石製品,"834,000",100,1.72
5310,東洋炭素,ガラス・土石製品,"233,000",100,0.35
5331,ノリタケカンパニーリミテド,ガラス・土石製品,"401,000",100,7.42
5332,ＴＯＴＯ,ガラス・土石製品,"411,500",100,1.2
5333,日本碍子,ガラス・土石製品,"154,500",100,1.47
5334,日本特殊陶業,ガラス・土石製品,"207,000",100,3.13
5344,ＭＡＲＵＷＡ,ガラス・土石製品,"692,000",100,0.21
5351,品川リフラクトリーズ,ガラス・土石製品,"268,400",100,1.52
5352,黒崎播磨,ガラス・土石製品,"561,000",100,2.75
5357,ヨータイ,ガラス・土石製品,"59,700",100,11.97
5358,イソライト工業,ガラス・土石製品,"44,500",100,2.53
5363,東京窯業,ガラス・土石製品,"29,600",100,6.84
5367,ニッカトー,ガラス・土石製品,"68,000",100,14.22
5381,Ｍｉｐｏｘ,ガラス・土石製品,"32,800",100,14.08
5384,フジミインコーポレーテッド,ガラス・土石製品,"256,700",100,2.38
5388,クニミネ工業,ガラス・土石製品,"93,400",100,7.28
5391,エーアンドエーマテリアル,ガラス・土石製品,"103,300",100,26.26
5393,ニチアス,ガラス・土石製品,"191,700",100,12.1
5401,日本製鉄,鉄鋼,"152,550",100,3.21
5406,神戸製鋼所,鉄鋼,"58,700",100,3.08
5408,中山製鋼所,鉄鋼,"45,300",100,20.65
5410,合同製鐵,鉄鋼,"219,900",100,1.66
5411,ジェイ　エフ　イー　ホールディングス,鉄鋼,"131,000",100,10.99
5423,東京製鐵,鉄鋼,"84,500",100,1.73
5440,共英製鋼,鉄鋼,"206,900",100,0.79
5444,大和工業,鉄鋼,"275,400",100,1.35
5445,東京鐵鋼,鉄鋼,"137,400",100,449
5449,大阪製鐵,鉄鋼,"134,800",100,210.79
5451,淀川製鋼所,鉄鋼,"202,600",100,0.18
5463,丸一鋼管,鉄鋼,"286,900",100,0.16
5464,モリ工業,鉄鋼,"214,100",100,16.09
5471,大同特殊鋼,鉄鋼,"426,000",100,0.48
5476,日本高周波鋼業,鉄鋼,"42,000",100,4.01
5480,日本冶金工業,鉄鋼,"207,300",100,14.55
5481,山陽特殊製鋼,鉄鋼,"144,200",100,3.95
5482,愛知製鋼,鉄鋼,"313,500",100,0.8
5486,日立金属,鉄鋼,"119,200",100,2.48
5491,日本金属,鉄鋼,"82,600",100,22.7
5541,大平洋金属,鉄鋼,"226,200",100,6.71
5563,新日本電工,鉄鋼,"16,900",100,6.4
5602,栗本鐵工所,鉄鋼,"151,500",100,13.5
5603,虹技,鉄鋼,"131,800",100,25.45
5609,日本鋳造,鉄鋼,"73,500",100,10.11
5612,日本鋳鉄管,鉄鋼,"107,900",100,9.97
5614,川金ホールディングス,鉄鋼,"29,500",100,11.78
5631,日本製鋼所,機械,"204,500",100,0.74
5632,三菱製鋼,鉄鋼,"113,900",100,1.71
5658,日亜鋼業,鉄鋼,"31,100",100,25.62
5659,日本精線,鉄鋼,"255,600",100,7.77
5660,神鋼鋼線工業,鉄鋼,"116,300",100,16.13
5702,大紀アルミニウム工業所,非鉄金属,"72,800",100,1.4
5703,日本軽金属ホールディングス,非鉄金属,"19,600",100,4.17
5706,三井金属鉱業,非鉄金属,"255,200",100,2.61
5707,東邦亜鉛,非鉄金属,"201,100",100,4.36
5711,三菱マテリアル,非鉄金属,"295,700",100,0.4
5713,住友金属鉱山,非鉄金属,"333,900",100,1.34
5714,ＤＯＷＡホールディングス,非鉄金属,"371,500",100,0.53
5715,古河機械金属,非鉄金属,"146,100",100,4.41
5724,アサカ理研,非鉄金属,"151,800",100,178.73
5726,大阪チタニウムテクノロジーズ,非鉄金属,"178,700",100,1.64
5727,東邦チタニウム,非鉄金属,"82,700",100,7.02
5741,ＵＡＣＪ,非鉄金属,"185,100",100,0.94
5742,エヌアイシ・オートテック,非鉄金属,"81,000",100,5.47
5801,古河電気工業,非鉄金属,"258,500",100,7.14
5802,住友電気工業,非鉄金属,"137,750",100,1.42
5803,フジクラ,非鉄金属,"41,500",100,2.59
5805,昭和電線ホールディングス,非鉄金属,"88,300",100,7.31
5807,東京特殊電線,非鉄金属,"200,600",100,2.5
5809,タツタ電線,非鉄金属,"46,500",100,16.19
5816,オーナンバ,非鉄金属,"37,700",100,78.83
5819,カナレ電気,非鉄金属,"190,800",100,7.34
5821,平河ヒューテック,非鉄金属,"109,400",100,"1,406.00"
5851,リョービ,非鉄金属,"180,900",100,3.26
5852,アーレスティ,非鉄金属,"57,000",100,38.99
5857,アサヒホールディングス,非鉄金属,"224,000",100,3.32
5901,東洋製罐グループホールディングス,金属製品,"168,500",100,0.57
5902,ホッカンホールディングス,金属製品,"156,900",100,8.66
5909,コロナ,金属製品,"107,900",100,68.67
5911,横河ブリッジホールディングス,金属製品,"161,800",100,6.23
5912,ＯＳＪＢホールディングス,建設業,"24,700",100,20.66
5915,駒井ハルテック,金属製品,"168,400",100,29.17
5922,那須電機鉄工,金属製品,"866,000",100,573
5923,高田機工,金属製品,"250,100",100,19.5
5928,アルメタックス,金属製品,"30,900",100,57
5929,三和ホールディングス,金属製品,"122,600",100,0.36
5930,文化シヤッター,金属製品,"94,400",100,0.48
5932,三協立山,金属製品,"128,600",100,0.13
5933,アルインコ,金属製品,"94,400",100,6.07
5936,東洋シヤッター,金属製品,"72,000",100,1.6
5938,ＬＩＸＩＬグループ,金属製品,"196,700",100,1.1
5942,日本フイルコン,金属製品,"50,700",100,3.08
5943,ノーリツ,金属製品,"128,300",100,0.34
5946,長府製作所,金属製品,"242,000",100,0.13
5947,リンナイ,金属製品,"731,000",100,0.2
5951,ダイニチ工業,金属製品,"62,900",100,2.16
5955,ヤマシナ,金属製品,"6,800",100,23.38
5956,トーソー,金属製品,"45,100",100,2.61
5957,日東精工,金属製品,"58,600",100,3.26
5958,三洋工業,金属製品,"193,900",100,3.22
5959,岡部,金属製品,"86,800",100,8.89
5970,ジーテクト,金属製品,"169,500",100,5.36
5973,トーアミ,金属製品,"45,800",100,20.7
5974,中国工業,金属製品,"49,500",100,6.4
5975,東プレ,金属製品,"169,800",100,14.71
5976,高周波熱錬,金属製品,"86,900",100,0.8
5981,東京製綱,金属製品,"101,600",100,4.45
5985,サンコール,金属製品,"46,500",100,10.79
5986,モリテック　スチール,金属製品,"35,400",100,4.04
5989,エイチワン,金属製品,"64,700",100,61.7
5991,日本発條,金属製品,"83,400",100,0.16
5992,中央発條,金属製品,"277,200",100,15
5998,アドバネクス,金属製品,"171,500",100,0.83
6013,タクマ,機械,"123,200",100,36.14
6027,弁護士ドットコム,サービス業,"421,500",100,28.11
6028,テクノプロ・ホールディングス,サービス業,"641,000",100,0.67
6029,アトラ,サービス業,"36,100",100,143.76
6030,アドベンチャー,サービス業,"274,400",100,23.57
6034,ＭＲＴ,サービス業,"81,900",100,8.29
6035,アイ・アールジャパンホールディングス,サービス業,"389,000",100,2.59
6036,ＫｅｅＰｅｒ技研,サービス業,"153,600",100,26.12
6037,ファーストロジック,サービス業,"61,600",100,5.56
6038,イード,サービス業,"85,100",100,17.3
6045,レントラックス,サービス業,"50,500",100,19.31
6047,Ｇｕｎｏｓｙ,サービス業,"138,100",100,4.51
6048,デザインワン・ジャパン,サービス業,"31,200",100,5.04
6049,イトクロ,サービス業,"201,900",100,1.27
6050,イー・ガーディアン,サービス業,"170,400",100,19.59
6054,リブセンス,サービス業,"25,900",100,3.84
6055,ジャパンマテリアル,サービス業,"135,900",100,0.4
6058,ベクトル,サービス業,"90,300",100,3.17
6059,ウチヤマホールディングス,サービス業,"48,900",100,12.21
6062,チャーム・ケア・コーポレーション,サービス業,"217,100",100,2.25
6064,アクトコール,サービス業,"141,900",100,1.32
6067,インパクトホールディングス,サービス業,"189,300",100,1.79
6069,トレンダーズ,サービス業,"58,700",100,2.25
6070,キャリアリンク,サービス業,"62,200",100,3.12
6071,ＩＢＪ,サービス業,"117,800",100,0.65
6072,地盤ネットホールディングス,サービス業,"18,600",100,10.24
6073,アサンテ,サービス業,"196,100",100,0.2
6077,Ｎ・フィールド,サービス業,"63,200",100,2.41
6078,バリューＨＲ,サービス業,"320,000",100,1.19
6080,Ｍ＆Ａキャピタルパートナーズ,サービス業,"617,000",100,5.67
6081,アライドアーキテクツ,サービス業,"42,200",100,4.1
6082,ライドオンエクスプレスホールディングス,サービス業,"148,500",100,8.66
6083,ＥＲＩホールディングス,サービス業,"80,100",100,13.48
6087,アビスト,サービス業,"266,900",100,2.39
6088,シグマクシス,サービス業,"144,400",100,3.68
6089,ウィルグループ,サービス業,"98,000",100,2.72
6091,ウエスコホールディングス,サービス業,"37,000",100,3.15
6092,エンバイオ・ホールディングス,サービス業,"95,400",100,3.29
6093,エスクロー・エージェント・ジャパン,サービス業,"22,900",100,5.94
6094,フリークアウト・ホールディングス,サービス業,"141,300",100,26.6
6095,メドピア,サービス業,"120,400",100,3.37
6096,レアジョブ,サービス業,"204,000",100,15.38
6098,リクルートホールディングス,サービス業,"324,100",100,0.97
6099,エラン,サービス業,"181,100",100,1.66
6101,ツガミ,機械,"90,700",100,2.38
6103,オークマ,機械,"582,000",100,0.53
6104,東芝機械,機械,"226,400",100,1.86
6113,アマダホールディングス,機械,"116,000",100,1.14
6118,アイダエンジニアリング,機械,"87,600",100,0.64
6121,滝澤鉄工所,機械,"127,900",100,10.06
6134,ＦＵＪＩ,機械,"161,700",100,0.61
6135,牧野フライス製作所,機械,"467,000",100,0.5
6136,オーエスジー,機械,"224,600",100,0.88
6137,小池酸素工業,機械,"223,300",100,6.1
6138,ダイジェット工業,機械,"164,100",100,24.86
6140,旭ダイヤモンド工業,機械,"62,500",100,3.14
6141,ＤＭＧ森精機,機械,"154,000",100,1.14
6143,ソディック,機械,"78,900",100,4.4
6145,ＮＩＴＴＯＫＵ,機械,"276,800",100,0.78
6146,ディスコ,機械,"2,097,000",100,0.26
6151,日東工器,機械,"213,400",100,3.05
6157,日進工具,機械,"195,900",100,5.78
6165,パンチ工業,機械,"50,300",100,3.1
6167,冨士ダイス,機械,"63,400",100,11.48
6172,メタップス,サービス業,"103,300",100,17.1
6175,ネットマーケティング,サービス業,"81,500",100,2.41
6178,日本郵政,サービス業,"100,600",100,1.59
6181,パートナーエージェント,サービス業,"36,400",100,9.45
6182,ロゼッタ,サービス業,"377,500",100,218.17
6183,ベルシステム２４ホールディングス,サービス業,"164,900",100,1.28
6184,鎌倉新書,サービス業,"145,400",100,1.12
6187,ＬＩＴＡＬＩＣＯ,サービス業,"199,000",100,0.9
6191,エボラブルアジア,サービス業,"192,400",100,80.75
6192,ハイアス・アンド・カンパニー,サービス業,"30,000",100,35.2
6194,アトラエ,サービス業,"313,500",100,1.09
6195,ホープ,サービス業,"411,500",100,867
6196,ストライク,サービス業,"283,300",100,1.36
6197,ソラスト,サービス業,"119,700",100,1.97
6199,セラク,サービス業,"71,200",100,2.69
6200,インソース,サービス業,"274,200",100,0.42
6201,豊田自動織機,輸送用機器,"630,000",100,0.36
6203,豊和工業,機械,"76,500",100,5.93
6205,ＯＫＫ,機械,"71,600",100,2.73
6208,石川製作所,機械,"138,100",100,2.67
6210,東洋機械金属,機械,"57,300",100,8.57
6217,津田駒工業,機械,"134,600",100,1.1
6218,エンシュウ,機械,"111,000",100,1.95
6222,島精機製作所,機械,"248,500",100,0.62
6232,自律制御システム研究所,機械,"310,000",100,78.4
6235,オプトラン,機械,"310,000",100,1.61
6237,イワキポンプ,機械,"98,700",100,0.9
6238,フリュー,機械,"92,600",100,21.98
6240,ヤマシンフィルタ,機械,"82,400",100,0.45
6245,ヒラノテクシード,機械,"132,200",100,22.39
6246,テクノスマート,機械,"68,300",100,"1,563.00"
6247,日阪製作所,機械,"87,600",100,23.86
6250,やまびこ,機械,"115,600",100,3.48
6255,エヌ・ピー・シー,機械,"38,000",100,3.35
6256,ニューフレアテクノロジー,機械,"773,000",100,1.09
6257,藤商事,機械,"95,300",100,74.6
6258,平田機工,機械,"711,000",100,0.45
6262,ペガサスミシン製造,機械,"49,100",100,19.06
6264,マルマエ,機械,"96,700",100,1.39
6266,タツモ,機械,"111,200",100,0.7
6268,ナブテスコ,機械,"337,000",100,0.4
6269,三井海洋開発,機械,"262,400",100,1.95
6271,ニッセイ,機械,"120,100",100,7
6272,レオン自動機,機械,"157,200",100,1.52
6273,ＳＭＣ,機械,"4,592,000",100,0.28
6274,ヤマハモーターロボティクスホールディングス,機械,"40,900",100,4.28
6277,ホソカワミクロン,機械,"381,000",100,1.57
6279,瑞光,機械,"329,500",100,6.97
6282,オイレス工業,機械,"158,300",100,0.29
6284,日精エー・エス・ビー機械,機械,"341,500",100,0.39
6287,サトーホールディングス,機械,"295,000",100,0.88
6289,技研製作所,機械,"339,000",100,9.67
6292,カワタ,機械,"94,900",100,19.01
6293,日精樹脂工業,機械,"100,900",100,11.05
6294,オカダアイヨン,機械,"123,000",100,27.37
6297,鉱研工業,機械,"47,100",100,9.26
6298,ワイエイシイホールディングス,機械,"69,600",100,8.93
6301,小松製作所,機械,"249,100",100,1.87
6302,住友重機械工業,機械,"323,500",100,0.59
6305,日立建機,機械,"263,100",100,1.66
6306,日工,機械,"67,700",100,1.31
6309,巴工業,機械,"234,400",100,1.43
6310,井関農機,機械,"148,800",100,2.73
6312,フロイント産業,機械,"74,600",100,0.97
6315,ＴＯＷＡ,機械,"83,900",100,1.06
6316,丸山製作所,機械,"121,900",100,3.73
6317,北川鉄工所,機械,"195,500",100,14.52
6319,シンニッタン,鉄鋼,"43,500",100,0.57
6323,ローツェ,機械,"258,900",100,38.85
6324,ハーモニック・ドライブ・システムズ,機械,"463,000",100,0.27
6326,クボタ,機械,"165,350",100,0.59
6328,荏原実業,機械,"204,200",100,14.21
6330,東洋エンジニアリング,建設業,"61,400",100,0.99
6331,三菱化工機,機械,"184,300",100,4.02
6332,月島機械,機械,"139,100",100,0.64
6333,帝国電機製作所,機械,"120,200",100,5.3
6335,東京機械製作所,機械,"37,200",100,7.61
6338,タカトリ,機械,"57,500",100,22.44
6339,新東工業,機械,"98,600",100,0.3
6340,澁谷工業,機械,"291,600",100,12.98
6343,フリージア・マクロス,機械,"11,700",100,18.9
6345,アイチ　コーポレーション,機械,"70,800",100,5.13
6349,小森コーポレーション,機械,"115,400",100,0.27
6351,鶴見製作所,機械,"201,400",100,0.17
6355,住友精密工業,機械,"309,000",100,16.52
6356,日本ギア工業,機械,"43,500",100,0.24
6357,三精テクノロジーズ,機械,"95,800",100,12.54
6358,酒井重工業,機械,"276,000",100,0.79
6361,荏原製作所,機械,"286,500",100,0.52
6362,石井鐵工所,機械,"220,100",100,2.47
6363,酉島製作所,機械,"98,100",100,1.63
6364,北越工業,機械,"125,900",100,37.18
6366,千代田化工建設,建設業,"28,300",100,0.77
6367,ダイキン工業,機械,"1,417,500",100,0.94
6368,オルガノ,機械,"487,000",100,0.81
6369,トーヨーカネツ,機械,"193,000",100,30.53
6370,栗田工業,機械,"290,500",100,0.4
6371,椿本チエイン,機械,"346,000",100,0.56
6373,大同工業,機械,"82,600",100,6.15
6376,日機装,精密機器,"114,400",100,2.06
6378,木村化工機,機械,"38,200",100,1.65
6379,レイズネクスト,建設業,"109,300",100,0.39
6381,アネスト岩田,機械,"97,300",100,0.57
6383,ダイフク,機械,"553,000",100,2.82
6387,サムコ,機械,"89,100",100,32.73
6390,加藤製作所,機械,"194,800",100,3.07
6393,油研工業,機械,"161,100",100,16.2
6395,タダノ,機械,"104,400",100,0.64
6400,不二精機,機械,"29,700",100,92.74
6406,フジテック,機械,"137,000",100,0.77
6407,ＣＫＤ,機械,"129,400",100,0.27
6409,キトー,機械,"155,500",100,11.93
6413,理想科学工業,機械,"167,700",100,0.41
6417,ＳＡＮＫＹＯ,機械,"375,500",100,0.26
6418,日本金銭機械,機械,"94,500",100,2.74
6419,マースグループホールディングス,機械,"190,800",100,87.64
6420,福島工業,機械,"318,000",100,0.96
6425,ユニバーサルエンターテインメント,機械,"351,000",100,2.75
6428,オーイズミ,機械,"47,900",100,4.16
6430,ダイコク電機,機械,"155,800",100,0.1
6432,竹内製作所,機械,"171,200",100,24.58
6436,アマノ,機械,"333,000",100,0.55
6440,ＪＵＫＩ,機械,"90,900",100,7.55
6444,サンデンホールディングス,機械,"60,800",100,2.19
6445,蛇の目ミシン工業,機械,"40,500",100,5.44
6448,ブラザー工業,電気機器,"199,400",100,0.4
6454,マックス,機械,"183,600",100,0.33
6455,モリタホールディングス,輸送用機器,"175,700",100,0.2
6457,グローリー,機械,"308,000",100,0.75
6458,新晃工業,機械,"174,100",100,6.17
6459,大和冷機工業,機械,"113,600",100,21.79
6460,セガサミーホールディングス,機械,"153,700",100,1
6461,日本ピストンリング,機械,"131,600",100,5.85
6462,リケン,機械,"386,500",100,1.11
6463,ＴＰＲ,機械,"172,900",100,0.41
6464,ツバキ・ナカシマ,機械,"161,600",100,31.06
6465,ホシザキ,機械,"850,000",100,0.47
6466,東亜バルブエンジニアリング,機械,"119,900",100,5.69
6470,大豊工業,機械,"76,900",100,3.21
6471,日本精工,機械,"92,100",100,1.24
6472,ＮＴＮ,機械,"31,200",100,0.64
6473,ジェイテクト,機械,"126,000",100,0.32
6474,不二越,機械,"479,500",100,0.28
6479,ミネベアミツミ,電気機器,"175,200",100,0.65
6480,日本トムソン,機械,"45,400",100,2.25
6481,ＴＨＫ,機械,"286,900",100,0.69
6482,ユーシン精機,機械,"95,900",100,1.88
6485,前澤給装工業,機械,"200,300",100,0.79
6486,イーグル工業,機械,"100,300",100,1.04
6489,前澤工業,機械,"35,700",100,8.25
6490,日本ピラー工業,機械,"122,700",100,0.76
6498,キッツ,機械,"72,300",100,0.46
6501,日立製作所,電気機器,"408,100",100,1.15
6502,東芝,電気機器,"331,500",100,1.05
6503,三菱電機,電気機器,"144,550",100,1.3
6504,富士電機,電気機器,"333,000",100,3.36
6505,東洋電機製造,電気機器,"152,900",100,0.78
6506,安川電機,電気機器,"395,500",100,0.63
6507,シンフォニアテクノロジー,電気機器,"122,600",100,3.44
6508,明電舎,電気機器,"186,700",100,1.09
6513,オリジン,電気機器,"138,000",100,947
6516,山洋電気,電気機器,"463,500",100,1.99
6517,デンヨー,電気機器,"176,700",100,2.45
6531,リファインバース,サービス業,"156,400",100,79.58
6532,ベイカレント・コンサルティング,サービス業,"477,000",100,40.55
6535,アイモバイル,サービス業,"56,200",100,2.74
6537,ＷＡＳＨハウス,サービス業,"88,600",100,0.5
6538,キャリアインデックス,サービス業,"41,600",100,118.83
6539,ＭＳ?Ｊａｐａｎ,サービス業,"134,100",100,3.02
6540,船場,サービス業,"94,500",100,8.72
6541,グレイステクノロジー,サービス業,"296,000",100,212.13
6542,ＦＣホールディングス,サービス業,"78,500",100,463
6544,ジャパンエレベーターサービスホールディングス,サービス業,"277,900",100,48.61
6546,フルテック,サービス業,"125,200",100,3.59
6547,グリーンズ,サービス業,"135,000",100,7.84
6551,ツナググループ・ホールディングス,サービス業,"59,100",100,2.84
6552,ＧａｍｅＷｉｔｈ,サービス業,"77,700",100,1.41
6553,ソウルドアウト,サービス業,"131,900",100,118.19
6555,ＭＳ＆Ｃｏｎｓｕｌｔｉｎｇ,サービス業,"97,600",100,109.77
6556,ウェルビー,サービス業,"166,100",100,5.76
6558,クックビズ,サービス業,"290,500",100,496
6560,エル・ティー・エス,サービス業,"124,400",100,51.4
6561,ＨＡＮＡＴＯＵＲ　ＪＡＰＡＮ,サービス業,"89,200",100,5.98
6563,みらいワークス,サービス業,"306,000",100,456
6565,ＡＢホテル,サービス業,"205,000",100,3.66
6566,要興業,サービス業,"71,600",100,5.77
6569,日総工産,サービス業,"111,500",100,5.22
6571,キュービーネットホールディングス,サービス業,"228,400",100,9.88
6572,ＲＰＡホールディングス,サービス業,"173,500",100,31.85
6580,ライトアップ,サービス業,"147,100",100,381.67
6584,三櫻工業,輸送用機器,"60,600",100,1.43
6586,マキタ,機械,"338,500",100,0.85
6588,東芝テック,電気機器,"321,000",100,0.31
6590,芝浦メカトロニクス,電気機器,"292,200",100,5.74
6592,マブチモーター,電気機器,"407,000",100,0.53
6594,日本電産,電気機器,"1,455,000",100,1.86
6615,ユー・エム・シー・エレクトロニクス,電気機器,"70,500",100,3.71
6616,トレックス・セミコンダクター,電気機器,"124,600",100,59.57
6617,東光高岳,電気機器,"115,700",100,9.73
6618,大泉製作所,電気機器,"60,100",100,129
6619,ダブル・スコープ,電気機器,"59,900",100,1.6
6622,ダイヘン,電気機器,"326,500",100,0.24
6625,ＪＡＬＣＯホールディングス,不動産業,"19,400",100,549.1
6629,テクノホライゾン・ホールディングス,電気機器,"39,800",100,24.07
6630,ヤーマン,電気機器,"71,700",100,2.43
6632,ＪＶＣケンウッド,電気機器,"30,900",100,1.05
6633,Ｃ＆Ｇシステムズ,電気機器,"40,800",100,4.52
6634,ネクスグループ,電気機器,"19,700",100,4.03
6638,ミマキエンジニアリング,電気機器,"53,400",100,2.73
6639,コンテック,電気機器,"139,100",100,114.88
6640,第一精工,電気機器,"264,200",100,0.18
6641,日新電機,電気機器,"128,800",100,0.47
6643,戸上電機製作所,電気機器,"170,000",100,214
6644,大崎電気工業,電気機器,"66,600",100,1.99
6645,オムロン,電気機器,"590,000",100,0.18
6651,日東工業,電気機器,"208,100",100,0.97
6652,ＩＤＥＣ,電気機器,"200,200",100,0.37
6653,正興電機製作所,電気機器,"79,400",100,1.32
6654,不二電機工業,電気機器,"122,500",100,0.63
6658,シライ電子工業,電気機器,"28,400",100,4.94
6659,メディアリンクス,電気機器,"30,000",100,22.42
6664,オプトエレクトロニクス,電気機器,"70,500",100,3.72
6670,ＭＣＪ,電気機器,"69,200",100,"1,305.38"
6674,ジーエス・ユアサ　コーポレーション,電気機器,"187,000",100,1.48
6675,サクサホールディングス,電気機器,"185,900",100,2.88
6676,メルコホールディングス,電気機器,"276,300",100,13.65
6677,エスケーエレクトロニクス,電気機器,"188,800",100,5.2
6678,テクノメディカ,電気機器,"236,000",100,0.11
6701,日本電気,電気機器,"466,000",100,5.25
6702,富士通,電気機器,"873,600",100,0.31
6703,沖電気工業,電気機器,"149,400",100,2.54
6704,岩崎通信機,電気機器,"82,400",100,1.83
6706,電気興業,電気機器,"312,500",100,0.16
6707,サンケン電気,電気機器,"212,700",100,4.28
6715,ナカヨ,電気機器,"161,600",100,3.68
6718,アイホン,電気機器,"160,500",100,1.31
6721,ウインテスト,電気機器,"27,100",100,111.59
6723,ルネサスエレクトロニクス,電気機器,"73,000",100,0.64
6724,セイコーエプソン,電気機器,"153,200",100,0.92
6727,ワコム,電気機器,"35,900",100,24.07
6728,アルバック,電気機器,"446,500",100,1.31
6730,アクセル,電気機器,"62,100",100,8.3
6736,サン電子,電気機器,"143,400",100,0.56
6737,ＥＩＺＯ,電気機器,"382,500",100,0.95
6740,ジャパンディスプレイ,電気機器,"6,000",100,2.37
6741,日本信号,電気機器,"120,000",100,1.89
6742,京三製作所,電気機器,"38,300",100,5.71
6744,能美防災,電気機器,"212,100",100,0.95
6745,ホーチキ,電気機器,"149,700",100,0.78
6748,星和電機,電気機器,"52,900",100,0.74
6750,エレコム,電気機器,"428,500",100,0.34
6752,パナソニック,電気機器,"89,090",100,1.46
6753,シャープ,電気機器,"119,300",100,5.82
6754,アンリツ,電気機器,"211,500",100,0.8
6755,富士通ゼネラル,電気機器,"179,400",100,0.18
6757,ＯＳＧコーポレーション,電気機器,"122,500",100,8.86
6758,ソニー,電気機器,"635,300",100,1.15
6762,ＴＤＫ,電気機器,"964,000",100,0.81
6763,帝国通信工業,電気機器,"116,000",100,0.57
6768,タムラ製作所,電気機器,"58,600",100,0.66
6770,アルプスアルパイン,電気機器,"203,800",100,1.54
6771,池上通信機,電気機器,"108,800",100,9.2
6776,天昇電気工業,化学,"100,800",100,921.1
6778,アルチザネットワークス,電気機器,"126,300",100,4.19
6779,日本電波工業,電気機器,"44,700",100,2.12
6785,鈴木,電気機器,"64,900",100,0.48
6787,メイコー,電気機器,"151,100",100,2
6788,日本トリム,電気機器,"458,500",100,5.47
6789,ローランド　ディー．ジー．,電気機器,"203,000",100,1.79
6794,フォスター電機,電気機器,"185,900",100,0.44
6798,ＳＭＫ,電気機器,"277,000",100,1.67
6800,ヨコオ,電気機器,"294,600",100,0.54
6803,ティアック,電気機器,"19,300",100,1.47
6804,ホシデン,電気機器,"110,500",100,1.05
6807,日本航空電子工業,電気機器,"155,600",100,0.64
6809,ＴＯＡ,電気機器,"122,800",100,2.44
6810,マクセルホールディングス,電気機器,"153,900",100,3.45
6814,古野電気,電気機器,"96,000",100,4.55
6815,ユニデンホールディングス,電気機器,"190,700",100,18.07
6817,スミダコーポレーション,電気機器,"100,800",100,3.26
6820,アイコム,電気機器,"221,800",100,16.83
6823,リオン,電気機器,"249,900",100,4.11
6826,本多通信工業,電気機器,"49,700",100,0.24
6834,精工技研,電気機器,"278,500",100,36.17
6839,船井電機,電気機器,"59,600",100,0.59
6841,横河電機,電気機器,"198,600",100,2.61
6844,新電元工業,電気機器,"356,500",100,1.14
6845,アズビル,電気機器,"292,100",100,0.12
6848,東亜ディーケーケー,電気機器,"84,100",100,0.13
6849,日本光電工業,電気機器,"318,500",100,1.17
6850,チノー,電気機器,"138,700",100,0.65
6853,共和電業,電気機器,"42,100",100,4.06
6855,日本電子材料,電気機器,"51,600",100,11.66
6856,堀場製作所,電気機器,"621,000",100,0.24
6857,アドバンテスト,電気機器,"482,000",100,0.31
6858,小野測器,電気機器,"54,000",100,35.83
6859,エスペック,電気機器,"186,900",100,1.04
6861,キーエンス,電気機器,"6,729,000",100,1.86
6866,日置電機,電気機器,"364,000",100,1.15
6869,シスメックス,電気機器,"715,300",100,1.8
6871,日本マイクロニクス,電気機器,"88,000",100,2.56
6875,メガチップス,電気機器,"165,200",100,1.02
6877,ＯＢＡＲＡ　ＧＲＯＵＰ,電気機器,"367,500",100,0.54
6879,ＩＭＡＧＩＣＡ　ＧＲＯＵＰ,情報・通信業,"51,300",100,5.61
6881,キョウデン,電気機器,"30,600",100,101.38
6882,三社電機製作所,電気機器,"70,600",100,85.29
6888,アクモス,情報・通信業,"33,700",100,24.62
6890,フェローテックホールディングス,電気機器,"86,800",100,15.46
6901,澤藤電機,電気機器,"180,300",100,2.09
6902,デンソー,輸送用機器,"478,200",100,0.83
6904,原田工業,電気機器,"83,800",100,40.27
6905,コーセル,電気機器,"105,200",100,1.33
6908,イリソ電子工業,電気機器,"516,000",100,0.37
6914,オプテックスグループ,電気機器,"160,300",100,3.85
6915,千代田インテグレ,電気機器,"216,100",100,4.84
6916,アイ・オー・データ機器,電気機器,"90,100",100,37.09
6919,ケル,電気機器,"77,700",100,78.55
6920,レーザーテック,電気機器,"676,000",100,0.69
6923,スタンレー電気,電気機器,"287,300",100,1.96
6924,岩崎電気,電気機器,"130,300",100,4.85
6925,ウシオ電機,電気機器,"153,300",100,0.23
6926,岡谷電機産業,電気機器,"37,200",100,0.39
6927,ヘリオス　テクノ　ホールディング,電気機器,"55,800",100,"1,146.33"
6929,日本セラミック,電気機器,"276,600",100,1.02
6932,遠藤照明,電気機器,"66,500",100,31.58
6937,古河電池,電気機器,"62,500",100,1.09
6941,山一電機,電気機器,"122,700",100,1.12
6945,富士通フロンテック,電気機器,"95,800",100,24.32
6947,図研,電気機器,"185,000",100,0.14
6951,日本電子,電気機器,"252,200",100,0.21
6952,カシオ計算機,電気機器,"167,100",100,0.3
6954,ファナック,電気機器,"2,041,000",100,1.04
6957,芝浦電子,電気機器,"268,100",100,28.88
6958,日本シイエムケイ,電気機器,"59,200",100,4.89
6961,エンプラス,電気機器,"349,500",100,1.26
6962,大真空,電気機器,"104,600",100,3.45
6963,ローム,電気機器,"837,000",100,0.61
6965,浜松ホトニクス,電気機器,"403,000",100,0.58
6966,三井ハイテック,電気機器,"169,100",100,0.2
6967,新光電気工業,電気機器,"95,900",100,0.65
6971,京セラ,電気機器,"672,800",100,0.93
6976,太陽誘電,電気機器,"260,500",100,0.52
6981,村田製作所,電気機器,"523,400",100,1.92
6986,双葉電子工業,電気機器,"137,200",100,4.43
6988,日東電工,化学,"520,300",100,1.85
6989,北陸電気工業,電気機器,"104,600",100,24.38
6993,大黒屋ホールディングス,小売業,"3,000",100,61.48
6994,指月電機製作所,電気機器,"53,200",100,3.05
6995,東海理化電機製作所,輸送用機器,"186,000",100,2.91
6996,ニチコン,電気機器,"98,800",100,2.68
6997,日本ケミコン,電気機器,"159,900",100,2.78
6999,ＫＯＡ,電気機器,"133,100",100,3.94
7003,三井Ｅ＆Ｓホールディングス,輸送用機器,"94,800",100,3.58
7004,日立造船,機械,"35,700",100,1.4
7011,三菱重工業,機械,"429,900",100,2.81
7012,川崎重工業,輸送用機器,"241,900",100,2.05
7013,ＩＨＩ,機械,"237,100",100,2.2
7014,名村造船所,輸送用機器,"30,500",100,1.19
7018,内海造船,輸送用機器,"132,000",100,31
7022,サノヤスホールディングス,輸送用機器,"20,300",100,4.23
7030,スプリックス,サービス業,"145,000",100,1.64
7033,マネジメントソリューションズ,サービス業,"204,600",100,345.8
7034,プロレド・パートナーズ,サービス業,"855,000",100,24.81
7048,ベルトラ,サービス業,"118,500",100,2.25
7049,識学,サービス業,"149,900",100,60.96
7068,フィードフォース,サービス業,"183,000",100,68.67
7069,サイバー・バズ,サービス業,"412,500",100,717.67
7102,日本車輌製造,輸送用機器,"255,900",100,2.34
7105,三菱ロジスネクスト,輸送用機器,"103,300",100,0.2
7122,近畿車輛,輸送用機器,"135,400",100,17.08
7148,ＦＰＧ,証券、商品先物取引業,"107,000",100,5.46
7150,島根銀行,銀行業,"69,000",100,1.63
7157,ライフネット生命保険,保険業,"68,000",100,25.73
7161,じもとホールディングス,銀行業,"10,300",100,4.5
7164,全国保証,その他金融業,"413,500",100,0.28
7167,めぶきフィナンシャルグループ,銀行業,"26,900",100,0.69
7172,ジャパンインベストメントアドバイザー,証券、商品先物取引業,"181,500",100,3.54
7173,東京きらぼしフィナンシャルグループ,銀行業,"138,200",100,1.51
7177,ＧＭＯフィナンシャルホールディングス,証券、商品先物取引業,"59,900",100,309.88
7180,九州フィナンシャルグループ,銀行業,"44,300",100,0.14
7181,かんぽ生命保険,保険業,"164,900",100,1.86
7182,ゆうちょ銀行,銀行業,"105,700",100,0.52
7183,あんしん保証,その他金融業,"25,500",100,67.3
7184,富山第一銀行,銀行業,"31,300",100,1.14
7186,コンコルディア・フィナンシャルグループ,銀行業,"41,800",100,0.17
7187,ジェイリース,その他金融業,"31,500",100,4.42
7189,西日本フィナンシャルホールディングス,銀行業,"75,800",100,0.73
7190,マーキュリアインベストメント,証券、商品先物取引業,"71,900",100,3.54
7191,イントラスト,その他金融業,"66,900",100,3.25
7192,日本モーゲージサービス,その他金融業,"119,700",100,107.6
7198,アルヒ,その他金融業,"233,200",100,5.53
7201,日産自動車,輸送用機器,"68,590",100,2.08
7202,いすゞ自動車,輸送用機器,"122,600",100,1.04
7203,トヨタ自動車,輸送用機器,"736,900",100,0.49
7205,日野自動車,輸送用機器,"90,700",100,0.88
7211,三菱自動車工業,輸送用機器,"48,700",100,6
7212,エフテック,輸送用機器,"71,200",100,265.5
7213,レシップホールディングス,輸送用機器,"78,600",100,0.47
7214,ＧＭＢ,輸送用機器,"79,500",100,40
7215,ファルテック,輸送用機器,"74,500",100,89.57
7224,新明和工業,輸送用機器,"126,600",100,1.97
7226,極東開発工業,輸送用機器,"132,800",100,2.51
7231,トピー工業,輸送用機器,"193,200",100,12.98
7236,ティラド,輸送用機器,"182,000",100,15.91
7238,曙ブレーキ工業,輸送用機器,"18,800",100,"1,120.26"
7239,タチエス,輸送用機器,"131,700",100,0.3
7240,ＮＯＫ,輸送用機器,"163,000",100,0.28
7241,フタバ産業,輸送用機器,"75,000",100,1.53
7242,ＫＹＢ,輸送用機器,"317,500",100,1.27
7244,市光工業,電気機器,"82,100",100,0.17
7245,大同メタル工業,輸送用機器,"64,000",100,4.09
7246,プレス工業,輸送用機器,"45,700",100,1.35
7250,太平洋工業,輸送用機器,"157,600",100,1.14
7251,ケーヒン,輸送用機器,"158,700",100,43.87
7256,河西工業,輸送用機器,"80,100",100,11.46
7259,アイシン精機,輸送用機器,"341,500",100,3.09
7261,マツダ,輸送用機器,"96,320",100,1.35
7266,今仙電機製作所,輸送用機器,"88,700",100,42.39
7267,本田技研工業,輸送用機器,"284,000",100,1.22
7269,スズキ,輸送用機器,"458,800",100,1.56
7270,ＳＵＢＡＲＵ,輸送用機器,"310,500",100,1.45
7272,ヤマハ発動機,輸送用機器,"197,200",100,4.38
7274,ショーワ,輸送用機器,"151,900",100,16.88
7276,小糸製作所,電気機器,"528,000",100,2.07
7277,ＴＢＫ,輸送用機器,"41,500",100,1.3
7278,エクセディ,輸送用機器,"211,900",100,0.57
7279,ハイレックスコーポレーション,輸送用機器,"170,000",100,10.45
7280,ミツバ,電気機器,"64,600",100,1.2
7282,豊田合成,輸送用機器,"217,900",100,1.09
7283,愛三工業,輸送用機器,"91,000",100,1.74
7284,盟和産業,輸送用機器,"110,500",100,473
7287,日本精機,輸送用機器,"167,800",100,6.35
7291,日本プラスト,輸送用機器,"69,900",100,2.12
7294,ヨロズ,輸送用機器,"135,700",100,1.22
7298,八千代工業,輸送用機器,"59,500",100,124.25
7305,新家工業,鉄鋼,"145,900",100,25.7
7309,シマノ,輸送用機器,"1,620,000",100,0.7
7313,テイ・エス　テック,輸送用機器,"331,000",100,0.27
7321,関西みらいフィナンシャルグループ,銀行業,"68,600",100,0.63
7322,三十三フィナンシャルグループ,銀行業,"165,600",100,0.63
7327,第四北越フィナンシャルグループ,銀行業,"273,700",100,0.86
7404,昭和飛行機工業,輸送用機器,"135,400",100,280
7408,ジャムコ,輸送用機器,"153,000",100,4.29
7412,アトム,小売業,"98,000",100,0.16
7414,小野建,卸売業,"133,700",100,74.44
7416,はるやまホールディングス,小売業,"83,600",100,0.49
7417,南陽,卸売業,"160,200",100,16.13
7419,ノジマ,小売業,"184,300",100,2.18
7420,佐鳥電機,卸売業,"82,400",100,10.25
7421,カッパ・クリエイト,小売業,"142,000",100,0.11
7427,エコートレーディング,卸売業,"52,500",100,1.19
7433,伯東,卸売業,"117,300",100,10.84
7438,コンドーテック,卸売業,"93,900",100,14.92
7442,中山福,卸売業,"54,600",100,1.65
7443,横浜魚類,卸売業,"54,000",100,13.2
7445,ライトオン,小売業,"67,600",100,0.21
7447,ナガイレーベン,卸売業,"231,200",100,0.51
7448,ジーンズメイト,小売業,"31,800",100,3.34
7451,三菱食品,卸売業,"271,900",100,1.18
7453,良品計画,小売業,"204,000",100,10.73
7455,三城ホールディングス,小売業,"30,000",100,0.2
7456,松田産業,卸売業,"144,200",100,0.51
7458,第一興商,卸売業,"512,000",100,0.19
7459,メディパルホールディングス,卸売業,"244,400",100,0.4
7463,アドヴァン,小売業,"117,700",100,0.29
7467,萩原電気ホールディングス,卸売業,"274,100",100,42.5
7472,鳥羽洋行,卸売業,"281,100",100,6.43
7475,アルビス,小売業,"237,900",100,0.44
7476,アズワン,卸売業,"895,000",100,0.39
7480,スズデン,卸売業,"132,500",100,1.99
7481,尾家産業,卸売業,"133,400",100,0.28
7482,シモジマ,卸売業,"115,500",100,0.1
7483,ドウシシャ,卸売業,"170,800",100,2.62
7487,小津産業,卸売業,"185,000",100,0.52
7494,コナカ,小売業,"42,700",100,1.12
7504,高速,卸売業,"134,800",100,0.68
7506,ハウス　オブ　ローゼ,小売業,"163,000",100,0.7
7508,Ｇ?７ホールディングス,小売業,"308,000",100,5.04
7510,たけびし,卸売業,"137,900",100,1.25
7512,イオン北海道,小売業,"75,800",100,0.36
7513,コジマ,小売業,"48,400",100,9.61
7514,ヒマラヤ,小売業,"82,100",100,0.39
7516,コーナン商事,小売業,"243,300",100,3.74
7518,ネットワンシステムズ,情報・通信業,"288,600",100,5.06
7520,エコス,小売業,"168,200",100,51.64
7521,ムサシ,卸売業,"195,000",100,1.21
7523,アールビバン,小売業,"60,400",100,2.61
7524,マルシェ,小売業,"77,200",100,0.27
7525,リックス,卸売業,"153,100",100,2.46
7527,システムソフト,情報・通信業,"11,000",100,72.58
7532,パン・パシフィック・インターナショナルホールディングス,小売業,"180,000",100,4.49
7537,丸文,卸売業,"56,800",100,8.16
7539,アイナボホールディングス,卸売業,"98,100",100,37.48
7544,スリーエフ,小売業,"38,600",100,60.26
7545,西松屋チェーン,小売業,"93,200",100,0.35
7551,ウェッズ,輸送用機器,"58,800",100,13.63
7552,ハピネット,卸売業,"128,300",100,11.63
7554,幸楽苑ホールディングス,小売業,"238,900",100,0.58
7561,ハークスレイ,小売業,"105,000",100,14.88
7564,ワークマン,小売業,"769,000",100,32.49
7570,橋本総業ホールディングス,卸売業,"163,500",100,1.38
7571,ヤマノホールディングス,小売業,"9,100",100,8.34
7575,日本ライフライン,卸売業,"176,100",100,2.35
7577,ＨＡＰｉＮＳ,小売業,"29,000",100,6.53
7581,サイゼリヤ,小売業,"277,800",100,0.19
7590,タカショー,卸売業,"46,200",100,14.36
7593,ＶＴホールディングス,小売業,"44,400",100,3.05
7594,マルカ,卸売業,"206,500",100,44.3
7595,アルゴグラフィックス,情報・通信業,"262,300",100,2.24
7599,ＩＤＯＭ,卸売業,"46,000",100,0.93
7600,日本エム・ディ・エム,卸売業,"169,700",100,1.75
7601,ポプラ,小売業,"50,500",100,0.28
7603,マックハウス,小売業,"59,300",100,0.83
7604,梅の花,小売業,"254,100",100,14.6
7605,フジ・コーポレーション,小売業,"218,200",100,7.27
7606,ユナイテッドアローズ,小売業,"312,000",100,1.83
7607,進和,卸売業,"218,000",100,19.31
7609,ダイトロン,卸売業,"136,600",100,15.06
7610,テイツー,小売業,"4,300",100,142.1
7611,ハイデイ日高,小売業,"209,300",100,0.2
7613,シークス,卸売業,"148,200",100,0.57
7615,京都きもの友禅,小売業,"34,500",100,0.45
7618,ピーシーデポコーポレーション,小売業,"49,700",100,2.85
7619,田中商事,卸売業,"64,000",100,26.3
7625,グローバルダイニング,小売業,"21,600",100,114.73
7628,オーハシテクニカ,卸売業,"139,400",100,0.66
7630,壱番屋,小売業,"513,000",100,0.11
7637,白銅,卸売業,"140,300",100,11.76
7640,トップカルチャー,小売業,"35,400",100,0.96
7646,ＰＬＡＮＴ,小売業,"71,300",100,2.18
7647,音通,小売業,"2,700",100,2.06
7649,スギホールディングス,小売業,"588,000",100,0.68
7674,ＮＡＴＴＹ　ＳＷＡＮＫＹ,小売業,"458,000",100,367
7679,薬王堂ホールディングス,小売業,"269,000",100,6.95
7701,島津製作所,精密機器,"276,700",100,2.55
7702,ＪＭＳ,精密機器,"66,600",100,5.95
7707,プレシジョン・システム・サイエンス,精密機器,"41,900",100,6.92
7709,クボテック,精密機器,"43,100",100,5.12
7715,長野計器,精密機器,"70,300",100,1.82
7716,ナカニシ,精密機器,"172,000",100,1.87
7717,ブイ・テクノロジー,精密機器,"536,000",100,5.99
7718,スター精密,機械,"154,400",100,1.16
7721,東京計器,精密機器,"91,100",100,14.57
7723,愛知時計電機,精密機器,"400,500",100,2.63
7725,インターアクション,精密機器,"210,300",100,3.42
7726,黒田精工,機械,"81,200",100,4.65
7727,オーバル,精密機器,"25,000",100,2.57
7729,東京精密,精密機器,"322,000",100,0.5
7730,マニー,精密機器,"282,800",100,0.8
7731,ニコン,精密機器,"135,900",100,1.98
7732,トプコン,精密機器,"143,600",100,0.33
7733,オリンパス,精密機器,"145,300",100,0.21
7734,理研計器,精密機器,"211,300",100,10.67
7735,ＳＣＲＥＥＮホールディングス,電気機器,"658,000",100,0.58
7739,キヤノン電子,電気機器,"183,600",100,37.43
7740,タムロン,精密機器,"233,000",100,0.29
7741,ＨＯＹＡ,精密機器,"894,800",100,0.51
7743,シード,精密機器,"88,800",100,1.29
7744,ノーリツ鋼機,精密機器,"174,300",100,4.48
7745,エー・アンド・デイ,精密機器,"73,400",100,50.23
7746,岡本硝子,精密機器,"21,000",100,6.04
7747,朝日インテック,精密機器,"281,200",100,2.74
7751,キヤノン,電気機器,"292,600",100,2.56
7752,リコー,電気機器,"98,900",100,1.11
7762,シチズン時計,精密機器,"53,200",100,0.4
7769,リズム時計工業,精密機器,"104,600",100,1.69
7775,大研医器,精密機器,"52,100",100,56.42
7777,スリー・ディー・マトリックス,精密機器,"60,600",100,23.68
7780,メニコン,精密機器,"384,000",100,0.3
7782,シンシア,精密機器,"63,200",100,1.6
7800,アミファ,その他製品,"138,100",100,10.9
7803,ブシロード,その他製品,"317,000",100,"8,986.00"
7805,プリントネット,その他製品,"50,000",100,53.09
7806,ＭＴＧ,その他製品,"109,700",100,49.61
7810,クロスフォー,その他製品,"33,300",100,2.67
7811,中本パックス,その他製品,"144,500",100,15.52
7814,日本創発グループ,その他製品,"88,800",100,21
7816,スノーピーク,その他製品,"134,200",100,2.39
7817,パラマウントベッドホールディングス,その他製品,"399,500",100,1.84
7818,トランザクション,その他製品,"105,300",100,295.43
7820,ニホンフラッシュ,その他製品,"257,400",100,3.96
7821,前田工繊,その他製品,"151,500",100,2.09
7822,永大産業,その他製品,"33,400",100,0.68
7823,アートネイチャー,その他製品,"68,900",100,2.77
7829,サマンサタバサジャパンリミテッド,その他製品,"26,700",100,107.66
7832,バンダイナムコホールディングス,その他製品,"654,000",100,0.57
7833,アイフィスジャパン,その他製品,"77,300",100,18.75
7836,アビックス,その他製品,"11,000",100,809.81
7837,アールシーコア,その他製品,"97,600",100,4.89
7838,共立印刷,その他製品,"16,100",100,2.47
7839,ＳＨＯＥＩ,その他製品,"456,000",100,1.51
7840,フランスベッドホールディングス,その他製品,"101,900",100,0.34
7844,マーベラス,情報・通信業,"83,000",100,1.14
7846,パイロットコーポレーション,その他製品,"402,000",100,0.54
7851,カワセコンピュータサプライ,その他製品,"28,400",100,"1,745.00"
7856,萩原工業,その他製品,"153,300",100,1.99
7859,アルメディオ,その他製品,"15,500",100,17.06
7860,エイベックス,情報・通信業,"127,200",100,0.92
7862,トッパン・フォームズ,その他製品,"104,000",100,0.4
7864,フジシールインターナショナル,その他製品,"269,200",100,0.48
7867,タカラトミー,その他製品,"123,300",100,0.6
7868,廣済堂,その他製品,"71,600",100,32.74
7872,エステールホールディングス,その他製品,"64,000",100,0.38
7873,アーク,その他製品,"9,400",100,7.39
7874,レック,化学,"99,600",100,13.35
7879,ノダ,その他製品,"77,000",100,360.5
7888,三光合成,化学,"35,300",100,14.25
7893,プロネクサス,その他製品,"115,400",100,2.07
7897,ホクシン,その他製品,"18,000",100,1.9
7898,ウッドワン,その他製品,"107,000",100,1.8
7905,大建工業,その他製品,"191,300",100,2.74
7906,ヨネックス,その他製品,"53,500",100,2.69
7908,きもと,化学,"17,600",100,417.9
7911,凸版印刷,その他製品,"193,000",100,0.46
7912,大日本印刷,その他製品,"280,200",100,0.29
7914,共同印刷,その他製品,"275,000",100,1.82
7915,ＮＩＳＳＨＡ,その他製品,"109,100",100,1.09
7916,光村印刷,その他製品,"178,400",100,1.8
7917,藤森工業,化学,"325,500",100,2.38
7918,ヴィア・ホールディングス,小売業,"65,300",100,0.24
7919,野崎印刷紙業,その他製品,"19,100",100,3.72
7921,宝印刷,その他製品,"169,800",100,4.22
7931,未来工業,化学,"203,200",100,4.43
7936,アシックス,その他製品,"184,500",100,0.2
7937,ツツミ,その他製品,"202,200",100,0.43
7942,ＪＳＰ,化学,"179,700",100,3.47
7943,ニチハ,ガラス・土石製品,"298,100",100,2.72
7945,コマニー,その他製品,"134,100",100,105.67
7947,エフピコ,化学,"673,000",100,1.6
7949,小松ウオール工業,その他製品,"196,400",100,18.19
7951,ヤマハ,その他製品,"481,000",100,1
7952,河合楽器製作所,その他製品,"288,700",100,0.82
7955,クリナップ,その他製品,"55,100",100,2.24
7956,ピジョン,その他製品,"453,500",100,1.13
7958,天馬,化学,"198,500",100,1.04
7961,兼松サステック,その他製品,"183,300",100,5.74
7962,キングジム,その他製品,"85,600",100,0.25
7963,興研,その他製品,"129,000",100,121.67
7965,象印マホービン,電気機器,"141,900",100,0.1
7966,リンテック,その他製品,"214,200",100,0.16
7970,信越ポリマー,化学,"76,400",100,12.93
7971,東リ,化学,"25,400",100,8.23
7972,イトーキ,その他製品,"45,700",100,4.94
7974,任天堂,その他製品,"4,038,000",100,0.96
7975,リヒトラブ,その他製品,"183,900",100,10
7976,三菱鉛筆,その他製品,"172,300",100,0.57
7979,松風,精密機器,"149,200",100,2.14
7984,コクヨ,その他製品,"151,900",100,1.89
7987,ナカバヤシ,その他製品,"52,700",100,10.75
7989,立川ブラインド工業,金属製品,"139,900",100,0.4
7990,グローブライド,その他製品,"278,400",100,0.66
7991,マミヤ・オーピー,機械,"100,400",100,102.8
7994,オカムラ,その他製品,"105,900",100,0.18
7995,バルカー,化学,"221,800",100,1.35
7999,ＭＵＴＯＨホールディングス,電気機器,"167,200",100,1.84
8001,伊藤忠商事,卸売業,"224,800",100,0.37
8002,丸紅,卸売業,"72,790",100,1.19
8005,スクロール,小売業,"33,100",100,1.57
8006,ユアサ・フナショク,卸売業,"358,000",100,35
8007,高島,卸売業,"162,000",100,316.67
8011,三陽商会,繊維製品,"145,600",100,0.55
8012,長瀬産業,卸売業,"153,400",100,0.95
8013,ナイガイ,繊維製品,"43,700",100,3.43
8014,蝶理,卸売業,"169,700",100,1.2
8016,オンワードホールディングス,繊維製品,"56,300",100,0.84
8018,三共生興,卸売業,"51,400",100,4.17
8020,兼松,卸売業,"122,300",100,4.94
8022,美津濃,その他製品,"285,200",100,1.75
8025,ツカモトコーポレーション,卸売業,"103,800",100,82.6
8028,ファミリーマート,小売業,"262,500",100,0.29
8029,ルックホールディングス,繊維製品,"106,000",100,34.58
8030,中央魚類,卸売業,"265,300",100,156
8031,三井物産,卸売業,"177,700",100,0.75
8032,日本紙パルプ商事,卸売業,"384,000",100,8.43
8035,東京エレクトロン,電気機器,"2,075,500",100,0.47
8036,日立ハイテクノロジーズ,卸売業,"618,000",100,3.98
8037,カメイ,卸売業,"111,800",100,15
8039,築地魚市場,卸売業,"96,800",100,6.86
8043,スターゼン,卸売業,"439,500",100,1.33
8046,丸藤シートパイル,卸売業,"208,000",100,271
8050,セイコーホールディングス,精密機器,"231,700",100,0.79
8051,山善,卸売業,"95,700",100,0.36
8052,椿本興業,卸売業,"378,500",100,2.68
8053,住友商事,卸売業,"169,200",100,1.05
8056,日本ユニシス,情報・通信業,"348,500",100,4.5
8058,三菱商事,卸売業,"267,300",100,3.14
8059,第一実業,卸売業,"311,000",100,10
8060,キヤノンマーケティングジャパン,卸売業,"231,800",100,0.5
8061,西華産業,卸売業,"133,700",100,8.93
8066,三谷商事,卸売業,"530,000",100,0.17
8068,菱洋エレクトロ,卸売業,"188,200",100,1.02
8070,東京産業,卸売業,"50,100",100,20.5
8074,ユアサ商事,卸売業,"312,000",100,4.19
8075,神鋼商事,卸売業,"248,400",100,7.96
8077,小林産業,卸売業,"29,200",100,5.49
8078,阪和興業,卸売業,"302,500",100,0.43
8079,正栄食品工業,卸売業,"335,000",100,0.46
8081,カナデン,卸売業,"131,400",100,9.67
8084,菱電商事,卸売業,"154,800",100,17.67
8086,ニプロ,精密機器,"124,200",100,8.08
8087,フルサト工業,卸売業,"146,500",100,20.35
8088,岩谷産業,卸売業,"367,500",100,2.25
8089,すてきナイスグループ,卸売業,"69,000",100,1.07
8090,昭光通商,卸売業,"63,500",100,8.25
8091,ニチモウ,卸売業,"182,000",100,14.93
8093,極東貿易,卸売業,"180,400",100,2.83
8095,イワキ,卸売業,"49,000",100,13.01
8096,兼松エレクトロニクス,情報・通信業,"302,500",100,4.89
8097,三愛石油,卸売業,"105,800",100,3.19
8098,稲畑産業,卸売業,"131,900",100,0.12
8101,ＧＳＩクレオス,卸売業,"104,900",100,38.04
8103,明和産業,卸売業,"56,000",100,0.98
8104,クワザワ,卸売業,"53,200",100,54.85
8111,ゴールドウイン,繊維製品,"920,000",100,0.46
8113,ユニ・チャーム,化学,"345,000",100,1.53
8114,デサント,繊維製品,"143,600",100,0.45
8117,中央自動車工業,卸売業,"207,000",100,11.69
8118,キング,繊維製品,"59,900",100,5.23
8125,ワキタ,卸売業,"108,300",100,1.78
8127,ヤマトインターナショナル,繊維製品,"40,100",100,5.41
8129,東邦ホールディングス,卸売業,"253,300",100,1.27
8130,サンゲツ,卸売業,"204,100",100,0.29
8131,ミツウロコグループホールディングス,卸売業,"107,300",100,0.66
8132,シナネンホールディングス,卸売業,"184,400",100,2.24
8133,伊藤忠エネクス,卸売業,"83,600",100,4.65
8136,サンリオ,卸売業,"209,300",100,0.61
8137,サンワテクノス,卸売業,"86,600",100,2.62
8138,三京化成,卸売業,"278,000",100,1.56
8139,ナガホリ,卸売業,"20,900",100,417.14
8140,リョーサン,卸売業,"274,700",100,0.21
8142,トーホー,卸売業,"191,200",100,0.3
8150,三信電気,卸売業,"152,300",100,1.59
8151,東陽テクニカ,卸売業,"110,900",100,1.31
8154,加賀電子,卸売業,"198,200",100,1.94
8155,三益半導体工業,金属製品,"189,800",100,1.31
8157,都築電気,情報・通信業,"113,200",100,20.24
8158,ソーダニッカ,卸売業,"55,700",100,0.23
8159,立花エレテック,卸売業,"165,600",100,2.79
8165,千趣会,小売業,"29,200",100,1.59
8166,タカキュー,小売業,"17,500",100,0.78
8167,リテールパートナーズ,小売業,"87,400",100,14.5
8168,ケーヨー,小売業,"50,900",100,0.75
8173,上新電機,小売業,"221,100",100,0.49
8174,日本瓦斯,小売業,"309,000",100,4.1
8179,ロイヤルホールディングス,小売業,"274,300",100,0.47
8184,島忠,小売業,"264,600",100,0.12
8185,チヨダ,小売業,"172,100",100,1.25
8186,大塚家具,小売業,"17,500",100,6.84
8194,ライフコーポレーション,小売業,"219,500",100,5.59
8202,ラオックス,小売業,"27,200",100,5.13
8203,ＭｒＭａｘＨＤ,小売業,"46,100",100,1.99
8214,ＡＯＫＩホールディングス,小売業,"105,500",100,0.32
8218,コメリ,小売業,"219,800",100,1.95
8219,青山商事,小売業,"187,900",100,0.26
8227,しまむら,小売業,"868,000",100,0.39
8233,高島屋,小売業,"127,000",100,1.51
8237,松屋,小売業,"84,900",100,1.43
8242,エイチ・ツー・オー　リテイリング,小売業,"120,400",100,0.57
8244,近鉄百貨店,小売業,"320,000",100,0.14
8249,テクノアソシエ,卸売業,"103,400",100,9.06
8251,パルコ,小売業,"127,400",100,0.27
8252,丸井グループ,小売業,"229,300",100,0.24
8253,クレディセゾン,その他金融業,"138,500",100,1.99
8256,プロルート丸光,卸売業,"11,700",100,559.89
8260,井筒屋,小売業,"22,700",100,8.38
8267,イオン,小売業,"202,200",100,0.66
8273,イズミ,小売業,"431,000",100,2.46
8275,フォーバル,卸売業,"98,100",100,2.13
8276,平和堂,小売業,"205,100",100,0.94
8278,フジ,小売業,"193,100",100,1.48
8279,ヤオコー,小売業,"485,000",100,0.76
8281,ゼビオホールディングス,小売業,"120,500",100,0.4
8282,ケーズホールディングス,小売業,"119,100",100,0.25
8283,ＰＡＬＴＡＣ,卸売業,"530,000",100,0.35
8285,三谷産業,卸売業,"30,100",100,8.86
8289,Ｏｌｙｍｐｉｃグループ,小売業,"62,900",100,4.96
8291,日産東京販売ホールディングス,小売業,"28,900",100,3.95
8303,新生銀行,銀行業,"156,200",100,0.64
8304,あおぞら銀行,銀行業,"269,100",100,2.87
8306,三菱ＵＦＪフィナンシャル・グループ,銀行業,"55,410",100,1.28
8308,りそなホールディングス,銀行業,"46,890",100,1.79
8309,三井住友トラスト・ホールディングス,銀行業,"393,200",100,0.55
8316,三井住友フィナンシャルグループ,銀行業,"373,300",100,1.16
8331,千葉銀行,銀行業,"56,200",100,0.23
8334,群馬銀行,銀行業,"36,000",100,0.84
8336,武蔵野銀行,銀行業,"189,400",100,0.97
8337,千葉興業銀行,銀行業,"30,000",100,3.46
8338,筑波銀行,銀行業,"18,600",100,1.02
8341,七十七銀行,銀行業,"161,800",100,0.57
8343,秋田銀行,銀行業,"209,000",100,0.19
8345,岩手銀行,銀行業,"258,900",100,0.6
8349,東北銀行,銀行業,"105,300",100,1.22
8354,ふくおかフィナンシャルグループ,銀行業,"207,200",100,0.33
8355,静岡銀行,銀行業,"81,500",100,0.12
8356,十六銀行,銀行業,"238,900",100,0.74
8358,スルガ銀行,銀行業,"45,600",100,1.56
8359,八十二銀行,銀行業,"44,500",100,0.29
8360,山梨中央銀行,銀行業,"104,200",100,2.09
8361,大垣共立銀行,銀行業,"242,600",100,0.14
8362,福井銀行,銀行業,"145,000",100,0.26
8363,北國銀行,銀行業,"260,700",100,1.18
8364,清水銀行,銀行業,"186,900",100,0.36
8365,富山銀行,銀行業,"255,500",100,0.12
8367,南都銀行,銀行業,"253,800",100,0.76
8368,百五銀行,銀行業,"34,800",100,0.23
8369,京都銀行,銀行業,"426,500",100,0.2
8377,ほくほくフィナンシャルグループ,銀行業,"105,300",100,0.49
8379,広島銀行,銀行業,"53,900",100,0.32
8381,山陰合同銀行,銀行業,"67,000",100,0.13
8383,鳥取銀行,銀行業,"144,100",100,0.72
8385,伊予銀行,銀行業,"57,300",100,0.21
8386,百十四銀行,銀行業,"223,400",100,0.54
8387,四国銀行,銀行業,"101,500",100,0.45
8392,大分銀行,銀行業,"296,700",100,0.35
8395,佐賀銀行,銀行業,"150,100",100,0.98
8399,琉球銀行,銀行業,"110,900",100,0.22
8410,セブン銀行,銀行業,"29,400",100,1.78
8411,みずほフィナンシャルグループ,銀行業,"16,690",100,1.18
8416,高知銀行,銀行業,"79,800",100,1.76
8418,山口フィナンシャルグループ,銀行業,"74,000",100,0.13
8421,信金中央金庫,ETF・REIT・その他,"238,500",1,2
8424,芙蓉総合リース,その他金融業,"677,000",100,0.22
8425,興銀リース,その他金融業,"298,800",100,1.05
8439,東京センチュリー,その他金融業,"518,000",100,0.17
8473,ＳＢＩホールディングス,証券、商品先物取引業,"235,100",100,3.29
8508,Ｊトラスト,その他金融業,"41,900",100,6.3
8511,日本証券金融,その他金融業,"50,600",100,10.61
8515,アイフル,その他金融業,"24,800",100,8.5
8518,日本アジア投資,証券、商品先物取引業,"25,300",100,360.69
8521,長野銀行,銀行業,"168,100",100,0.57
8522,名古屋銀行,銀行業,"320,500",100,0.14
8524,北洋銀行,銀行業,"23,100",100,0.3
8527,愛知銀行,銀行業,"346,000",100,0.71
8537,大光銀行,銀行業,"165,800",100,0.34
8542,トマト銀行,銀行業,"108,400",100,1.38
8544,京葉銀行,銀行業,"65,400",100,0.17
8550,栃木銀行,銀行業,"20,300",100,3.01
8551,北日本銀行,銀行業,"183,600",100,0.18
8558,東和銀行,銀行業,"81,400",100,1.13
8562,福島銀行,銀行業,"21,600",100,1.31
8563,大東銀行,銀行業,"59,800",100,1.68
8570,イオンフィナンシャルサービス,その他金融業,"163,100",100,2.15
8572,アコム,その他金融業,"42,900",100,6.4
8584,ジャックス,その他金融業,"229,500",100,3.68
8585,オリエントコーポレーション,その他金融業,"14,700",100,10.23
8586,日立キャピタル,その他金融業,"222,200",100,8.1
8589,アプラスフィナンシャル,その他金融業,"7,200",100,19.87
8591,オリックス,その他金融業,"165,500",100,1.19
8593,三菱ＵＦＪリース,その他金融業,"63,600",100,0.84
8595,ジャフコ,証券、商品先物取引業,"413,000",100,1.54
8596,九州リースサービス,その他金融業,"60,100",100,200.25
8600,トモニホールディングス,銀行業,"35,200",100,0.19
8601,大和証券グループ本社,証券、商品先物取引業,"48,970",100,1.49
8604,野村ホールディングス,証券、商品先物取引業,"46,130",100,1.92
8609,岡三証券グループ,証券、商品先物取引業,"38,400",100,0.26
8613,丸三証券,証券、商品先物取引業,"49,800",100,0.14
8614,東洋証券,証券、商品先物取引業,"18,100",100,0.47
8616,東海東京フィナンシャル・ホールディングス,証券、商品先物取引業,"30,400",100,1
8617,光世証券,証券、商品先物取引業,"59,300",100,1.77
8622,水戸証券,証券、商品先物取引業,"23,100",100,2.25
8624,いちよし証券,証券、商品先物取引業,"68,500",100,0.92
8628,松井証券,証券、商品先物取引業,"90,300",100,0.38
8630,ＳＯＭＰＯホールディングス,保険業,"456,000",100,0.18
8692,だいこう証券ビジネス,証券、商品先物取引業,"55,400",100,1.96
8697,日本取引所グループ,その他金融業,"171,200",100,0.87
8698,マネックスグループ,証券、商品先物取引業,"31,900",100,1.73
8699,澤田ホールディングス,証券、商品先物取引業,"83,700",100,69.61
8706,極東証券,証券、商品先物取引業,"86,900",100,0.63
8707,岩井コスモホールディングス,証券、商品先物取引業,"110,100",100,11.54
8708,藍澤證券,証券、商品先物取引業,"69,400",100,0.94
8709,インヴァスト証券,証券、商品先物取引業,"78,200",100,110.6
8713,フィデアホールディングス,銀行業,"11,800",100,6.72
8714,池田泉州ホールディングス,銀行業,"19,000",100,0.54
8715,アニコム　ホールディングス,保険業,"415,500",100,0.2
8725,ＭＳ＆ＡＤインシュアランスグループホールディングス,保険業,"357,100",100,0.28
8729,ソニーフィナンシャルホールディングス,保険業,"241,300",100,0.28
8732,マネーパートナーズグループ,証券、商品先物取引業,"26,000",100,15.6
8742,小林洋行,証券、商品先物取引業,"24,900",100,8.06
8750,第一生命ホールディングス,保険業,"164,000",100,11.96
8766,東京海上ホールディングス,保険業,"586,600",100,0.52
8769,アドバンテッジリスクマネジメント,サービス業,"75,900",100,4.21
8771,イー・ギャランティ,その他金融業,"145,800",100,1.32
8772,アサックス,その他金融業,"61,600",100,174.38
8789,フィンテック　グローバル,その他金融業,"10,000",100,3.67
8793,ＮＥＣキャピタルソリューション,その他金融業,"216,700",100,0.65
8795,Ｔ＆Ｄホールディングス,保険業,"116,500",100,1.04
8801,三井不動産,不動産業,"268,400",100,0.49
8802,三菱地所,不動産業,"208,800",100,1.82
8803,平和不動産,不動産業,"241,900",100,1.02
8804,東京建物,不動産業,"152,700",100,0.5
8806,ダイビル,不動産業,"110,400",100,2.49
8818,京阪神ビルディング,不動産業,"132,600",100,8.46
8830,住友不動産,不動産業,"413,400",100,0.79
8835,太平洋興発,卸売業,"79,700",100,4.07
8841,テーオーシー,不動産業,"82,800",100,0.78
8842,東京楽天地,不動産業,"578,000",100,2.08
8844,コスモスイニシア,不動産業,"74,300",100,8.77
8848,レオパレス２１,不動産業,"25,400",100,1.48
8850,スターツコーポレーション,不動産業,"264,300",100,1.19
8860,フジ住宅,不動産業,"69,300",100,7.51
8864,空港施設,不動産業,"53,100",100,442.5
8869,明和地所,不動産業,"53,900",100,5.54
8871,ゴールドクレスト,不動産業,"213,400",100,0.12
8876,リログループ,サービス業,"264,500",100,2.19
8877,日本エスリード,不動産業,"164,000",100,9.86
8881,日神不動産,不動産業,"47,900",100,15.99
8885,ラ・アトレ,不動産業,"69,200",100,9.22
8887,リベレステ,不動産業,"83,500",100,43.28
8890,レーサム,不動産業,"113,900",100,9.08
8892,日本エスコン,不動産業,"80,200",100,1.18
8893,新日本建物,不動産業,"36,300",100,82.75
8897,タカラレーベン,不動産業,"42,400",100,2.33
8903,サンウッド,不動産業,"47,400",100,4.4
8904,サンヨーハウジング名古屋,不動産業,"87,200",100,0.77
8905,イオンモール,不動産業,"170,100",100,0.91
8909,シノケングループ,不動産業,"92,700",100,0.84
8912,エリアクエスト,不動産業,"12,400",100,10.59
8914,エリアリンク,不動産業,"115,600",100,3.43
8917,ファースト住建,不動産業,"134,500",100,8.08
8919,カチタス,不動産業,"445,500",100,0.97
8920,東祥,サービス業,"235,700",100,0.77
8923,トーセイ,不動産業,"128,400",100,1.33
8927,明豊エンタープライズ,不動産業,"25,300",100,3.69
8928,穴吹興産,不動産業,"279,700",100,3.75
8931,和田興産,不動産業,"77,000",100,142.38
8934,サンフロンティア不動産,不動産業,"129,000",100,11.69
8935,エフ・ジェー・ネクスト,不動産業,"104,900",100,2.19
8940,インテリックス,不動産業,"72,100",100,0.57
8944,ランドビジネス,不動産業,"76,700",100,80.32
8952,ジャパンリアルエステイト投資法人　投資証券,ETF・REIT・その他,"725,000",1,0.19
8953,日本リテールファンド投資法人　投資証券,ETF・REIT・その他,"228,400",1,2.42
8955,日本プライムリアルティ投資法人　投資証券,ETF・REIT・その他,"515,000",1,0.15
8956,プレミア投資法人　投資証券,ETF・REIT・その他,"158,800",1,0.47
8957,東急リアル・エステート投資法人　投資証券,ETF・REIT・その他,"206,000",1,0.35
8958,グローバル・ワン不動産投資法人　投資証券,ETF・REIT・その他,"146,700",1,51.45
8960,ユナイテッド・アーバン投資法人　投資証券,ETF・REIT・その他,"207,800",1,0.14
8961,森トラスト総合リート投資法人　投資証券,ETF・REIT・その他,"196,600",1,0.53
8963,インヴィンシブル投資法人　投資証券,ETF・REIT・その他,"66,100",1,7.74
8964,フロンティア不動産投資法人　投資証券,ETF・REIT・その他,"456,000",1,10.24
8966,平和不動産リート投資法人　投資証券,ETF・REIT・その他,"140,200",1,1.04
8967,日本ロジスティクスファンド投資法人　投資証券,ETF・REIT・その他,"267,400",1,1.34
8968,福岡リート投資法人　投資証券,ETF・REIT・その他,"185,300",1,0.9
8972,ケネディクス・オフィス投資法人　投資証券,ETF・REIT・その他,"853,000",1,0.48
8975,いちごオフィスリート投資法人　投資証券,ETF・REIT・その他,"112,200",1,15.51
8976,大和証券オフィス投資法人　投資証券,ETF・REIT・その他,"846,000",1,0.31
8977,阪急阪神リート投資法人　投資証券,ETF・REIT・その他,"161,800",1,671.5
8984,大和ハウスリート投資法人　投資証券,ETF・REIT・その他,"306,500",1,0.2
8985,ジャパン・ホテル・リート投資法人　投資証券,ETF・REIT・その他,"80,600",1,5.96
8986,日本賃貸住宅投資法人　投資証券,ETF・REIT・その他,"98,700",1,3.12
8987,ジャパンエクセレント投資法人　投資証券,ETF・REIT・その他,"176,400",1,0.17
8999,グランディハウス,不動産業,"45,000",100,20.27
9003,相鉄ホールディングス,陸運業,"286,900",100,0.6
9005,東急,陸運業,"205,400",100,0.19
9007,小田急電鉄,陸運業,"263,700",100,0.53
9008,京王電鉄,陸運業,"687,000",100,0.42
9009,京成電鉄,陸運業,"446,000",100,0.18
9020,東日本旅客鉄道,陸運業,"1,049,000",100,0.22
9021,西日本旅客鉄道,陸運業,"930,000",100,0.12
9022,東海旅客鉄道,陸運業,"2,272,500",100,0.71
9024,西武ホールディングス,陸運業,"189,700",100,0.49
9025,鴻池運輸,陸運業,"160,100",100,4.46
9033,広島電鉄,陸運業,"110,400",100,1.1
9037,ハマキョウレックス,陸運業,"351,500",100,3.25
9039,サカイ引越センター,陸運業,"620,000",100,0.28
9042,阪急阪神ホールディングス,陸運業,"423,500",100,0.21
9044,南海電気鉄道,陸運業,"281,900",100,0.11
9055,アルプス物流,陸運業,"69,400",100,287.5
9058,トランコム,倉庫・運輸関連業,"623,000",100,0.71
9059,カンダホールディングス,陸運業,"82,400",100,20.4
9062,日本通運,陸運業,"549,000",100,2.36
9064,ヤマトホールディングス,陸運業,"167,550",100,2.73
9065,山九,陸運業,"560,000",100,0.6
9066,日新,倉庫・運輸関連業,"156,500",100,18.44
9068,丸全昭和運輸,陸運業,"306,000",100,5.8
9069,センコーグループホールディングス,陸運業,"84,800",100,0.56
9070,トナミホールディングス,陸運業,"480,500",100,1.44
9072,ニッコンホールディングス,陸運業,"250,000",100,3.15
9074,日本石油輸送,陸運業,"281,500",100,8.18
9075,福山通運,陸運業,"378,000",100,0.29
9076,セイノーホールディングス,陸運業,"137,600",100,3
9083,神姫バス,陸運業,"373,500",100,2.76
9086,日立物流,陸運業,"316,500",100,1.14
9090,丸和運輸機関,陸運業,"268,800",100,0.43
9099,Ｃ＆Ｆロジホールディングス,陸運業,"127,100",100,0.35
9101,日本郵船,海運業,"184,200",100,0.59
9104,商船三井,海運業,"277,000",100,0.19
9107,川崎汽船,海運業,"125,400",100,1.55
9110,ＮＳユナイテッド海運,海運業,"230,800",100,25.8
9119,飯野海運,海運業,"34,800",100,2.84
9130,共栄タンカー,海運業,"136,200",100,43.67
9142,九州旅客鉄道,陸運業,"347,500",100,1.96
9143,ＳＧホールディングス,陸運業,"269,000",100,2.56
9179,川崎近海汽船,海運業,"282,500",100,60
9201,日本航空,空運業,"332,200",100,0.33
9202,ＡＮＡホールディングス,空運業,"370,800",100,0.15
9232,パスコ,空運業,"91,600",100,9.72
9233,アジア航測,空運業,"59,300",100,68.08
9260,西本Ｗｉｓｍｅｔｔａｃホールディングス,卸売業,"348,000",100,10.9
9263,ビジョナリーホールディングス,小売業,"3,800",100,"5,214.04"
9267,Ｇｅｎｋｙ　ＤｒｕｇＳｔｏｒｅｓ,小売業,"223,500",100,8.36
9274,国際紙パルプ商事,卸売業,"30,800",100,2.34
9277,総合メディカルホールディングス,小売業,"177,400",100,2.94
9278,ブックオフグループホールディングス,小売業,"125,100",100,1.01
9281,タカラレーベン・インフラ投資法人　投資証券,ETF・REIT・その他,"123,700",1,86.65
9285,東京インフラ・エネルギー投資法人　投資証券,ETF・REIT・その他,"103,700",1,36.44
9301,三菱倉庫,倉庫・運輸関連業,"278,600",100,0.21
9302,三井倉庫ホールディングス,倉庫・運輸関連業,"169,200",100,2.97
9303,住友倉庫,倉庫・運輸関連業,"143,700",100,0.86
9304,澁澤倉庫,倉庫・運輸関連業,"195,000",100,6.87
9305,ヤマタネ,卸売業,"139,000",100,5.62
9306,東陽倉庫,倉庫・運輸関連業,"32,700",100,5.47
9307,杉村倉庫,倉庫・運輸関連業,"75,600",100,67.58
9308,乾汽船,海運業,"118,100",100,0.3
9310,日本トランスシティ,倉庫・運輸関連業,"49,500",100,1.02
9312,ケイヒン,倉庫・運輸関連業,"125,800",100,31.88
9319,中央倉庫,倉庫・運輸関連業,"107,000",100,0.92
9324,安田倉庫,倉庫・運輸関連業,"94,400",100,20.17
9351,東洋埠頭,倉庫・運輸関連業,"137,200",100,6.13
9366,サンリツ,倉庫・運輸関連業,"65,500",100,18.7
9369,キユーソー流通システム,倉庫・運輸関連業,"190,500",100,9.21
9375,近鉄エクスプレス,倉庫・運輸関連業,"151,600",100,0.26
9380,東海運,倉庫・運輸関連業,"28,800",100,7.97
9384,内外トランスライン,倉庫・運輸関連業,"132,100",100,2.72
9385,ショーエイコーポレーション,化学,"74,700",100,4.65
9386,日本コンセプト,倉庫・運輸関連業,"129,700",100,59.5
9401,東京放送ホールディングス,情報・通信業,"175,300",100,0.28
9404,日本テレビホールディングス,情報・通信業,"140,000",100,1.03
9405,朝日放送グループホールディングス,情報・通信業,"72,100",100,0.11
9409,テレビ朝日ホールディングス,情報・通信業,"169,800",100,0.24
9412,スカパーＪＳＡＴホールディングス,情報・通信業,"43,700",100,0.68
9413,テレビ東京ホールディングス,情報・通信業,"221,900",100,0.53
9414,日本ＢＳ放送,情報・通信業,"106,700",100,0.18
9416,ビジョン,情報・通信業,"154,400",100,4.44
9417,スマートバリュー,情報・通信業,"73,800",100,5.5
9419,ワイヤレスゲート,情報・通信業,"68,300",100,1.31
9422,コネクシオ,情報・通信業,"136,300",100,0.58
9423,フォーバル・リアルストレート,情報・通信業,"7,800",100,"1,040.29"
9424,日本通信,情報・通信業,"20,700",100,1.89
9428,クロップス,情報・通信業,"61,600",100,60.75
9432,日本電信電話,情報・通信業,"523,200",100,0.5
9433,ＫＤＤＩ,情報・通信業,"284,950",100,0.78
9434,ソフトバンク,情報・通信業,"148,450",100,0.94
9435,光通信,情報・通信業,"2,377,000",100,4.76
9436,沖縄セルラー電話,情報・通信業,"359,500",100,25.29
9437,ＮＴＴドコモ,情報・通信業,"277,400",100,1.49
9438,エムティーアイ,情報・通信業,"73,500",100,0.79
9441,ベルパーク,情報・通信業,"403,500",100,1
9445,フォーバルテレコム,情報・通信業,"38,600",100,10.72
9449,ＧＭＯインターネット,情報・通信業,"184,800",100,1.17
9450,ファイバーゲート,情報・通信業,"146,800",100,2.95
9466,アイドママーケティングコミュニケーション,情報・通信業,"59,500",100,32.16
9468,ＫＡＤＯＫＡＷＡ,情報・通信業,"153,100",100,3.1
9470,学研ホールディングス,情報・通信業,"542,000",100,0.12
9474,ゼンリン,情報・通信業,"183,200",100,2.89
9475,昭文社,情報・通信業,"39,700",100,0.55
9479,インプレスホールディングス,情報・通信業,"14,200",100,18.84
9501,東京電力ホールディングス,電気・ガス業,"54,900",100,1.68
9502,中部電力,電気・ガス業,"161,300",100,0.91
9503,関西電力,電気・ガス業,"131,400",100,1.45
9504,中国電力,電気・ガス業,"140,600",100,0.21
9505,北陸電力,電気・ガス業,"74,400",100,11.43
9506,東北電力,電気・ガス業,"109,600",100,10.13
9507,四国電力,電気・ガス業,"105,200",100,1.23
9508,九州電力,電気・ガス業,"105,900",100,11.85
9509,北海道電力,電気・ガス業,"57,900",100,6.14
9511,沖縄電力,電気・ガス業,"173,900",100,3.37
9513,電源開発,電気・ガス業,"253,000",100,0.44
9514,エフオン,電気・ガス業,"71,900",100,"3,491.00"
9517,イーレックス,電気・ガス業,"126,800",100,2.59
9519,レノバ,電気・ガス業,"94,700",100,5.89
9531,東京瓦斯,電気・ガス業,"275,350",100,0.8
9532,大阪瓦斯,電気・ガス業,"209,000",100,0.87
9534,北海道瓦斯,電気・ガス業,"152,300",100,0.2
9535,広島ガス,電気・ガス業,"34,800",100,2.27
9543,静岡ガス,電気・ガス業,"92,900",100,0.49
9551,メタウォーター,電気・ガス業,"369,000",100,1.78
9600,アイネット,情報・通信業,"137,200",100,2.72
9601,松竹,情報・通信業,"1,412,000",100,0.19
9602,東宝,情報・通信業,"477,000",100,0.52
9603,エイチ・アイ・エス,サービス業,"266,000",100,5.75
9605,東映,情報・通信業,"1,545,000",100,0.18
9610,ウィルソン・ラーニング　ワールドワイド,サービス業,"24,300",100,16.84
9612,ラックランド,サービス業,"232,400",100,0.37
9613,エヌ・ティ・ティ・データ,情報・通信業,"139,500",100,4.63
9616,共立メンテナンス,サービス業,"458,500",100,1.69
9619,イチネンホールディングス,サービス業,"111,700",100,0.55
9621,建設技術研究所,サービス業,"164,900",100,1.31
9622,スペース,サービス業,"127,900",100,2.55
9624,長大,サービス業,"95,500",100,"3,100.00"
9627,アインホールディングス,小売業,"629,000",100,3.01
9628,燦ホールディングス,サービス業,"110,600",100,32.55
9629,ピー・シー・エー,情報・通信業,"376,500",100,13.66
9632,スバル興業,サービス業,"685,000",100,22
9641,サコス,サービス業,"31,300",100,6.12
9644,タナベ経営,サービス業,"127,700",100,0.31
9651,日本プロセス,情報・通信業,"76,700",100,367
9656,グリーンランドリゾート,サービス業,"49,500",100,13.15
9658,ビジネスブレイン太田昭和,情報・通信業,"268,000",100,26
9663,ナガワ,サービス業,"607,000",100,0.14
9671,よみうりランド,サービス業,"452,000",100,0.31
9672,東京都競馬,サービス業,"332,500",100,3.09
9675,常磐興産,サービス業,"170,700",100,0.25
9678,カナモト,サービス業,"268,400",100,4.08
9681,東京ドーム,サービス業,"105,400",100,0.85
9682,ＤＴＳ,情報・通信業,"229,600",100,28.13
9684,スクウェア・エニックス・ホールディングス,情報・通信業,"500,000",100,2.09
9692,シーイーシー,情報・通信業,"205,700",100,2.13
9697,カプコン,情報・通信業,"283,200",100,1.29
9699,西尾レントオール,サービス業,"282,400",100,13.03
9702,アイ・エス・ビー,情報・通信業,"150,700",100,14.4
9706,日本空港ビルデング,不動産業,"470,500",100,0.5
9707,ユニマット　リタイアメント・コミュニティ,サービス業,"151,700",100,68.88
9708,帝国ホテル,サービス業,"200,200",100,13.38
9709,ＮＣＳ＆Ａ,情報・通信業,"45,800",100,8.99
9713,ロイヤルホテル,サービス業,"169,100",100,5.08
9715,トランス・コスモス,サービス業,"264,400",100,0.88
9716,乃村工藝社,サービス業,"137,000",100,1.56
9717,ジャステック,情報・通信業,"114,200",100,6.18
9719,ＳＣＳＫ,情報・通信業,"515,000",100,2
9722,藤田観光,サービス業,"281,100",100,0.64
9726,ＫＮＴ?ＣＴホールディングス,サービス業,"155,700",100,1.35
9728,日本管財,サービス業,"185,500",100,0.4
9729,トーカイ,サービス業,"232,400",100,3.11
9731,白洋舎,サービス業,"288,300",100,13
9735,セコム,サービス業,"986,600",100,0.22
9739,日本システムウエア,情報・通信業,"238,500",100,20.09
9740,セントラル警備保障,サービス業,"555,000",100,1.67
9742,アイネス,情報・通信業,"113,800",100,2.44
9743,丹青社,サービス業,"120,000",100,4.92
9744,メイテック,サービス業,"536,000",100,0.15
9746,ＴＫＣ,情報・通信業,"471,500",100,2.26
9749,富士ソフト,情報・通信業,"466,000",100,6.68
9755,応用地質,サービス業,"107,200",100,1.04
9757,船井総研ホールディングス,サービス業,"245,800",100,0.21
9758,ジャパンシステム,情報・通信業,"32,800",100,"9,116.00"
9759,ＮＳＤ,情報・通信業,"317,000",100,0.22
9760,進学会ホールディングス,サービス業,"50,100",100,21.01
9763,丸紅建材リース,卸売業,"173,200",100,5.15
9765,オオバ,サービス業,"63,500",100,1.16
9766,コナミホールディングス,情報・通信業,"515,000",100,0.77
9768,いであ,サービス業,"124,600",100,354.29
9783,ベネッセホールディングス,サービス業,"284,000",100,0.37
9787,イオンディライト,サービス業,"345,500",100,9.17
9788,ナック,サービス業,"95,900",100,1.22
9790,福井コンピュータホールディングス,情報・通信業,"245,100",100,0.93
9792,ニチイ学館,サービス業,"175,900",100,0.13
9793,ダイセキ,サービス業,"277,100",100,0.22
9810,日鉄物産,卸売業,"426,000",100,7.51
9818,大丸エナウィン,卸売業,"128,200",100,0.38
9824,泉州電業,卸売業,"283,800",100,3.33
9828,元気寿司,小売業,"277,300",100,0.58
9830,トラスコ中山,卸売業,"253,100",100,0.29
9831,ヤマダ電機,小売業,"53,200",100,0.18
9835,ジュンテンドー,小売業,"51,000",100,4.94
9837,モリト,卸売業,"79,600",100,0.49
9842,アークランドサカモト,小売業,"126,900",100,2
9843,ニトリホールディングス,小売業,"1,597,000",100,1.09
9854,愛眼,小売業,"24,300",100,0.68
9856,ケーユーホールディングス,小売業,"85,900",100,3.76
9857,英和,卸売業,"95,000",100,"1,522.00"
9861,吉野家ホールディングス,小売業,"243,000",100,0.13
9869,加藤産業,卸売業,"339,000",100,0.16
9872,北恵,卸売業,"104,600",100,1.49
9880,イノテック,卸売業,"89,300",100,"2,425.00"
9885,シャルレ,卸売業,"40,700",100,189.07
9887,松屋フーズホールディングス,小売業,"392,000",100,0.91
9889,ＪＢＣＣホールディングス,情報・通信業,"161,300",100,4.29
9896,ＪＫホールディングス,卸売業,"50,400",100,0.84
9913,日邦産業,卸売業,"52,400",100,16.78
9919,関西スーパーマーケット,小売業,"109,600",100,0.27
9928,ミロク情報サービス,情報・通信業,"300,000",100,1.59
9930,北沢産業,卸売業,"26,400",100,1.49
9932,杉本商事,卸売業,"196,500",100,6.4
9934,因幡電機産業,卸売業,"482,000",100,1.88
9936,王将フードサービス,小売業,"693,000",100,0.18
9943,ココスジャパン,小売業,"127,100",100,1.8
9945,プレナス,小売業,"182,100",100,0.18
9946,ミニストップ,小売業,"141,400",100,0.4
9948,アークス,小売業,"226,600",100,0.16
9956,バローホールディングス,小売業,"185,800",100,2.34
9960,東テク,卸売業,"220,900",100,17.6
9962,ミスミグループ本社,卸売業,"256,700",100,0.12
9966,藤久,小売業,"75,800",100,0.82
9969,ショクブン,小売業,"17,800",100,9.49
9972,アルテック,卸売業,"20,300",100,132.04
9974,ベルク,小売業,"530,000",100,0.4
9978,文教堂グループホールディングス,小売業,"27,800",100,19.77
9979,大庄,小売業,"159,600",100,0.16
9980,ＭＲＫホールディングス,小売業,"17,700",100,42.83
9982,タキヒヨー,卸売業,"186,800",100,0.43
9983,ファーストリテイリング,小売業,"6,386,000",100,0.39
9984,ソフトバンクグループ,情報・通信業,"435,400",100,13.68
9989,サンドラッグ,小売業,"345,000",100,2.17
9990,サックスバー　ホールディングス,小売業,"89,700",100,10.22
9991,ジェコス,卸売業,"87,200",100,23.44
9993,ヤマザワ,小売業,"167,700",100,0.1
9995,グローセル,卸売業,"43,400",100,124
9997,ベルーナ,小売業,"69,200",100,0.68
